ID_Venda,Data,Produto,Quantidade
1,2025-05-01,Cheeseburger,3
2,2025-05-01,Refrigerante,4
3,2025-05-01,Batata Frita,4
4,2025-05-01,Sorvete,4
5,2025-05-01,Brownie,2
6,2025-05-01,Cheeseburger,3
7,2025-05-01,Brownie,1
8,2025-05-01,Veggie Burger,2
9,2025-05-01,Sorvete,3
10,2025-05-01,Bacon Burger,1
11,2025-05-02,Batata Frita,3
12,2025-05-02,Refrigerante,2
13,2025-05-02,Refrigerante,4
14,2025-05-02,Bacon Burger,2
15,2025-05-02,Sorvete,4
16,2025-05-02,Refrigerante,2
17,2025-05-02,Cheeseburger,3
18,2025-05-02,Sorvete,4
19,2025-05-02,Brownie,4
20,2025-05-02,Milkshake,4
21,2025-05-02,Veggie Burger,3
22,2025-05-02,Cheeseburger,3
23,2025-05-02,Batata Frita,4
24,2025-05-02,Água,2
25,2025-05-02,Água,4
26,2025-05-02,Refrigerante,4
27,2025-05-02,Sorvete,4
28,2025-05-02,Brownie,1
29,2025-05-02,Batata Frita,3
30,2025-05-02,Batata Frita,2
31,2025-05-03,Sorvete,2
32,2025-05-03,Cheeseburger,2
33,2025-05-03,Sorvete,2
34,2025-05-03,Brownie,3
35,2025-05-03,Sorvete,4
36,2025-05-03,Batata Frita,4
37,2025-05-03,Batata Frita,2
38,2025-05-03,Sorvete,4
39,2025-05-03,Veggie Burger,2
40,2025-05-03,Refrigerante,2
41,2025-05-03,Veggie Burger,2
42,2025-05-03,Cheeseburger,3
43,2025-05-04,Onion Rings,2
44,2025-05-04,Bacon Burger,3
45,2025-05-04,Veggie Burger,2
46,2025-05-04,Onion Rings,3
47,2025-05-04,Sorvete,3
48,2025-05-04,Onion Rings,4
49,2025-05-04,Água,1
50,2025-05-04,Sorvete,3
51,2025-05-04,Milkshake,2
52,2025-05-04,Refrigerante,1
53,2025-05-05,Onion Rings,1
54,2025-05-05,Bacon Burger,4
55,2025-05-05,Veggie Burger,4
56,2025-05-05,Brownie,4
57,2025-05-05,Refrigerante,1
58,2025-05-05,Cheeseburger,1
59,2025-05-05,Milkshake,3
60,2025-05-05,Sorvete,3
61,2025-05-05,Refrigerante,4
62,2025-05-05,Cheeseburger,4
63,2025-05-05,Milkshake,1
64,2025-05-05,Bacon Burger,1
65,2025-05-05,Brownie,4
66,2025-05-05,Bacon Burger,2
67,2025-05-05,Milkshake,3
68,2025-05-05,Veggie Burger,2
69,2025-05-05,Batata Frita,1
70,2025-05-05,Veggie Burger,4
71,2025-05-05,Brownie,2
72,2025-05-05,Refrigerante,3
73,2025-05-06,Água,4
74,2025-05-06,Batata Frita,1
75,2025-05-06,Batata Frita,1
76,2025-05-06,Veggie Burger,1
77,2025-05-06,Onion Rings,4
78,2025-05-06,Sorvete,3
79,2025-05-06,Brownie,3
80,2025-05-06,Cheeseburger,2
81,2025-05-06,Batata Frita,3
82,2025-05-06,Refrigerante,2
83,2025-05-07,Brownie,1
84,2025-05-07,Cheeseburger,4
85,2025-05-07,Milkshake,3
86,2025-05-07,Onion Rings,2
87,2025-05-07,Milkshake,4
88,2025-05-07,Veggie Burger,1
89,2025-05-07,Água,3
90,2025-05-07,Cheeseburger,2
91,2025-05-07,Cheeseburger,4
92,2025-05-07,Veggie Burger,4
93,2025-05-07,Refrigerante,1
94,2025-05-07,Brownie,4
95,2025-05-07,Veggie Burger,3
96,2025-05-07,Onion Rings,2
97,2025-05-07,Brownie,1
98,2025-05-08,Veggie Burger,1
99,2025-05-08,Sorvete,4
100,2025-05-08,Refrigerante,2
101,2025-05-08,Cheeseburger,1
102,2025-05-08,Cheeseburger,1
103,2025-05-08,Batata Frita,3
104,2025-05-08,Água,2
105,2025-05-08,Cheeseburger,2
106,2025-05-08,Onion Rings,3
107,2025-05-08,Cheeseburger,3
108,2025-05-08,Onion Rings,4
109,2025-05-09,Batata Frita,3
110,2025-05-09,Milkshake,3
111,2025-05-09,Milkshake,2
112,2025-05-09,Milkshake,2
113,2025-05-09,Onion Rings,2
114,2025-05-09,Onion Rings,4
115,2025-05-09,Cheeseburger,3
116,2025-05-09,Batata Frita,4
117,2025-05-09,Brownie,4
118,2025-05-09,Batata Frita,2
119,2025-05-09,Refrigerante,1
120,2025-05-09,Onion Rings,1
121,2025-05-09,Água,2
122,2025-05-09,Refrigerante,4
123,2025-05-09,Água,2
124,2025-05-09,Veggie Burger,3
125,2025-05-09,Sorvete,1
126,2025-05-10,Milkshake,4
127,2025-05-10,Água,4
128,2025-05-10,Cheeseburger,3
129,2025-05-10,Água,3
130,2025-05-10,Sorvete,1
131,2025-05-10,Onion Rings,2
132,2025-05-10,Cheeseburger,4
133,2025-05-10,Batata Frita,2
134,2025-05-10,Brownie,3
135,2025-05-10,Água,1
136,2025-05-11,Milkshake,2
137,2025-05-11,Bacon Burger,1
138,2025-05-11,Milkshake,1
139,2025-05-11,Cheeseburger,1
140,2025-05-11,Refrigerante,2
141,2025-05-11,Bacon Burger,2
142,2025-05-11,Sorvete,4
143,2025-05-11,Batata Frita,4
144,2025-05-11,Onion Rings,2
145,2025-05-11,Cheeseburger,3
146,2025-05-11,Sorvete,1
147,2025-05-11,Bacon Burger,1
148,2025-05-11,Refrigerante,4
149,2025-05-11,Água,3
150,2025-05-11,Batata Frita,4
151,2025-05-11,Sorvete,2
152,2025-05-11,Cheeseburger,3
153,2025-05-11,Refrigerante,4
154,2025-05-11,Onion Rings,2
155,2025-05-11,Bacon Burger,4
156,2025-05-12,Veggie Burger,3
157,2025-05-12,Milkshake,3
158,2025-05-12,Veggie Burger,2
159,2025-05-12,Cheeseburger,4
160,2025-05-12,Milkshake,4
161,2025-05-12,Bacon Burger,2
162,2025-05-12,Veggie Burger,4
163,2025-05-12,Milkshake,2
164,2025-05-12,Brownie,2
165,2025-05-12,Batata Frita,3
166,2025-05-12,Milkshake,1
167,2025-05-12,Água,1
168,2025-05-12,Água,2
169,2025-05-12,Brownie,1
170,2025-05-12,Cheeseburger,2
171,2025-05-12,Sorvete,2
172,2025-05-13,Veggie Burger,2
173,2025-05-13,Refrigerante,4
174,2025-05-13,Refrigerante,3
175,2025-05-13,Bacon Burger,2
176,2025-05-13,Água,3
177,2025-05-13,Onion Rings,4
178,2025-05-13,Água,1
179,2025-05-13,Refrigerante,4
180,2025-05-14,Sorvete,2
181,2025-05-14,Refrigerante,4
182,2025-05-14,Milkshake,2
183,2025-05-14,Onion Rings,2
184,2025-05-14,Batata Frita,3
185,2025-05-14,Veggie Burger,4
186,2025-05-14,Onion Rings,4
187,2025-05-14,Milkshake,4
188,2025-05-14,Refrigerante,4
189,2025-05-14,Veggie Burger,4
190,2025-05-14,Onion Rings,3
191,2025-05-14,Brownie,1
192,2025-05-14,Onion Rings,4
193,2025-05-14,Bacon Burger,4
194,2025-05-14,Refrigerante,4
195,2025-05-14,Sorvete,2
196,2025-05-14,Refrigerante,4
197,2025-05-14,Brownie,3
198,2025-05-15,Bacon Burger,1
199,2025-05-15,Cheeseburger,1
200,2025-05-15,Veggie Burger,3
201,2025-05-15,Batata Frita,3
202,2025-05-15,Cheeseburger,1
203,2025-05-15,Onion Rings,3
204,2025-05-15,Onion Rings,4
205,2025-05-15,Brownie,2
206,2025-05-15,Refrigerante,4
207,2025-05-15,Refrigerante,2
208,2025-05-15,Refrigerante,4
209,2025-05-16,Cheeseburger,4
210,2025-05-16,Veggie Burger,3
211,2025-05-16,Água,3
212,2025-05-16,Batata Frita,1
213,2025-05-16,Refrigerante,2
214,2025-05-16,Batata Frita,4
215,2025-05-16,Sorvete,4
216,2025-05-16,Veggie Burger,4
217,2025-05-16,Refrigerante,1
218,2025-05-16,Água,3
219,2025-05-16,Cheeseburger,2
220,2025-05-16,Batata Frita,3
221,2025-05-16,Sorvete,1
222,2025-05-16,Cheeseburger,2
223,2025-05-16,Veggie Burger,3
224,2025-05-16,Veggie Burger,1
225,2025-05-16,Cheeseburger,2
226,2025-05-17,Onion Rings,3
227,2025-05-17,Refrigerante,4
228,2025-05-17,Água,3
229,2025-05-17,Batata Frita,2
230,2025-05-17,Refrigerante,4
231,2025-05-17,Cheeseburger,3
232,2025-05-17,Bacon Burger,1
233,2025-05-17,Brownie,3
234,2025-05-17,Refrigerante,1
235,2025-05-17,Refrigerante,2
236,2025-05-17,Refrigerante,2
237,2025-05-17,Refrigerante,1
238,2025-05-17,Sorvete,1
239,2025-05-17,Água,2
240,2025-05-17,Água,3
241,2025-05-17,Batata Frita,1
242,2025-05-18,Cheeseburger,1
243,2025-05-18,Milkshake,2
244,2025-05-18,Veggie Burger,3
245,2025-05-18,Cheeseburger,3
246,2025-05-18,Refrigerante,1
247,2025-05-18,Onion Rings,4
248,2025-05-18,Bacon Burger,3
249,2025-05-18,Sorvete,1
250,2025-05-18,Refrigerante,1
251,2025-05-18,Milkshake,3
252,2025-05-18,Milkshake,4
253,2025-05-18,Milkshake,4
254,2025-05-18,Água,1
255,2025-05-18,Onion Rings,4
256,2025-05-18,Veggie Burger,4
257,2025-05-18,Milkshake,3
258,2025-05-18,Batata Frita,1
259,2025-05-18,Sorvete,3
260,2025-05-19,Refrigerante,1
261,2025-05-19,Onion Rings,3
262,2025-05-19,Onion Rings,4
263,2025-05-19,Água,4
264,2025-05-19,Sorvete,4
265,2025-05-19,Refrigerante,4
266,2025-05-19,Água,4
267,2025-05-19,Milkshake,4
268,2025-05-19,Sorvete,4
269,2025-05-19,Cheeseburger,1
270,2025-05-19,Onion Rings,4
271,2025-05-19,Sorvete,4
272,2025-05-19,Milkshake,4
273,2025-05-19,Cheeseburger,1
274,2025-05-19,Brownie,4
275,2025-05-20,Milkshake,4
276,2025-05-20,Bacon Burger,3
277,2025-05-20,Milkshake,1
278,2025-05-20,Água,2
279,2025-05-20,Refrigerante,1
280,2025-05-20,Sorvete,2
281,2025-05-20,Cheeseburger,3
282,2025-05-20,Sorvete,3
283,2025-05-20,Refrigerante,4
284,2025-05-20,Veggie Burger,1
285,2025-05-20,Sorvete,1
286,2025-05-20,Cheeseburger,4
287,2025-05-20,Veggie Burger,4
288,2025-05-20,Milkshake,2
289,2025-05-20,Cheeseburger,1
290,2025-05-20,Cheeseburger,1
291,2025-05-20,Bacon Burger,3
292,2025-05-20,Veggie Burger,2
293,2025-05-20,Refrigerante,4
294,2025-05-20,Refrigerante,2
295,2025-05-21,Refrigerante,3
296,2025-05-21,Brownie,4
297,2025-05-21,Água,2
298,2025-05-21,Cheeseburger,3
299,2025-05-21,Brownie,2
300,2025-05-21,Milkshake,4
301,2025-05-21,Água,3
302,2025-05-21,Bacon Burger,3
303,2025-05-21,Onion Rings,1
304,2025-05-22,Brownie,2
305,2025-05-22,Onion Rings,1
306,2025-05-22,Água,4
307,2025-05-22,Milkshake,1
308,2025-05-22,Onion Rings,1
309,2025-05-22,Refrigerante,2
310,2025-05-22,Refrigerante,4
311,2025-05-22,Milkshake,4
312,2025-05-22,Cheeseburger,1
313,2025-05-22,Batata Frita,2
314,2025-05-22,Cheeseburger,1
315,2025-05-22,Cheeseburger,3
316,2025-05-22,Brownie,3
317,2025-05-22,Onion Rings,3
318,2025-05-22,Milkshake,1
319,2025-05-22,Batata Frita,1
320,2025-05-22,Refrigerante,2
321,2025-05-23,Água,3
322,2025-05-23,Veggie Burger,4
323,2025-05-23,Cheeseburger,4
324,2025-05-23,Veggie Burger,3
325,2025-05-23,Sorvete,2
326,2025-05-23,Sorvete,1
327,2025-05-23,Cheeseburger,2
328,2025-05-23,Batata Frita,4
329,2025-05-23,Milkshake,4
330,2025-05-23,Água,4
331,2025-05-23,Brownie,3
332,2025-05-23,Batata Frita,1
333,2025-05-23,Milkshake,1
334,2025-05-23,Cheeseburger,2
335,2025-05-24,Refrigerante,4
336,2025-05-24,Milkshake,1
337,2025-05-24,Veggie Burger,3
338,2025-05-24,Bacon Burger,3
339,2025-05-24,Cheeseburger,1
340,2025-05-24,Cheeseburger,3
341,2025-05-24,Sorvete,1
342,2025-05-24,Onion Rings,3
343,2025-05-24,Cheeseburger,1
344,2025-05-24,Sorvete,4
345,2025-05-24,Onion Rings,3
346,2025-05-24,Água,4
347,2025-05-24,Batata Frita,1
348,2025-05-24,Veggie Burger,4
349,2025-05-24,Cheeseburger,2
350,2025-05-25,Brownie,1
351,2025-05-25,Brownie,4
352,2025-05-25,Milkshake,2
353,2025-05-25,Refrigerante,1
354,2025-05-25,Brownie,3
355,2025-05-25,Bacon Burger,1
356,2025-05-25,Água,4
357,2025-05-25,Cheeseburger,4
358,2025-05-25,Refrigerante,3
359,2025-05-25,Bacon Burger,2
360,2025-05-26,Bacon Burger,4
361,2025-05-26,Refrigerante,4
362,2025-05-26,Batata Frita,1
363,2025-05-26,Refrigerante,4
364,2025-05-26,Batata Frita,4
365,2025-05-26,Onion Rings,4
366,2025-05-26,Batata Frita,4
367,2025-05-26,Milkshake,1
368,2025-05-26,Milkshake,4
369,2025-05-26,Cheeseburger,3
370,2025-05-26,Batata Frita,1
371,2025-05-26,Brownie,2
372,2025-05-26,Bacon Burger,1
373,2025-05-26,Sorvete,1
374,2025-05-26,Onion Rings,3
375,2025-05-26,Refrigerante,4
376,2025-05-26,Cheeseburger,1
377,2025-05-26,Cheeseburger,4
378,2025-05-27,Veggie Burger,1
379,2025-05-27,Cheeseburger,2
380,2025-05-27,Brownie,3
381,2025-05-27,Batata Frita,3
382,2025-05-27,Sorvete,1
383,2025-05-27,Milkshake,2
384,2025-05-27,Cheeseburger,1
385,2025-05-27,Veggie Burger,4
386,2025-05-27,Bacon Burger,4
387,2025-05-27,Batata Frita,3
388,2025-05-27,Onion Rings,2
389,2025-05-28,Refrigerante,3
390,2025-05-28,Água,2
391,2025-05-28,Bacon Burger,4
392,2025-05-28,Cheeseburger,2
393,2025-05-28,Sorvete,1
394,2025-05-28,Sorvete,1
395,2025-05-28,Sorvete,4
396,2025-05-28,Refrigerante,4
397,2025-05-28,Água,3
398,2025-05-28,Onion Rings,4
399,2025-05-28,Água,1
400,2025-05-28,Milkshake,1
401,2025-05-28,Batata Frita,3
402,2025-05-28,Brownie,4
403,2025-05-28,Sorvete,1
404,2025-05-28,Sorvete,1
405,2025-05-28,Batata Frita,3
406,2025-05-28,Sorvete,2
407,2025-05-29,Sorvete,1
408,2025-05-29,Refrigerante,2
409,2025-05-29,Brownie,4
410,2025-05-29,Onion Rings,4
411,2025-05-29,Veggie Burger,3
412,2025-05-29,Sorvete,3
413,2025-05-29,Cheeseburger,1
414,2025-05-29,Veggie Burger,4
415,2025-05-29,Brownie,3
416,2025-05-29,Batata Frita,2
417,2025-05-29,Bacon Burger,2
418,2025-05-29,Batata Frita,1
419,2025-05-29,Batata Frita,2
420,2025-05-29,Onion Rings,2
421,2025-05-29,Veggie Burger,4
422,2025-05-29,Cheeseburger,2
423,2025-05-29,Veggie Burger,2
424,2025-05-29,Água,2
425,2025-05-29,Bacon Burger,3
426,2025-05-29,Batata Frita,3
427,2025-05-30,Água,2
428,2025-05-30,Batata Frita,3
429,2025-05-30,Brownie,1
430,2025-05-30,Veggie Burger,3
431,2025-05-30,Batata Frita,2
432,2025-05-30,Brownie,3
433,2025-05-30,Milkshake,4
434,2025-05-30,Brownie,1
435,2025-05-31,Bacon Burger,4
436,2025-05-31,Milkshake,3
437,2025-05-31,Bacon Burger,3
438,2025-05-31,Refrigerante,1
439,2025-05-31,Sorvete,4
440,2025-05-31,Sorvete,3
441,2025-05-31,Veggie Burger,2
442,2025-05-31,Sorvete,1
443,2025-05-31,Brownie,4
444,2025-05-31,Milkshake,3
445,2025-05-31,Refrigerante,4
446,2025-05-31,Veggie Burger,4
447,2025-05-31,Refrigerante,3
448,2025-05-31,Batata Frita,1
449,2025-05-31,Sorvete,3
450,2025-05-31,Batata Frita,1
451,2025-05-31,Cheeseburger,2
452,2025-06-01,Bacon Burger,3
453,2025-06-01,Onion Rings,3
454,2025-06-01,Água,4
455,2025-06-01,Água,2
456,2025-06-01,Batata Frita,2
457,2025-06-01,Cheeseburger,3
458,2025-06-01,Cheeseburger,1
459,2025-06-01,Milkshake,1
460,2025-06-01,Refrigerante,4
461,2025-06-01,Refrigerante,2
462,2025-06-01,Bacon Burger,2
463,2025-06-01,Batata Frita,4
464,2025-06-01,Onion Rings,3
465,2025-06-01,Refrigerante,3
466,2025-06-01,Água,4
467,2025-06-01,Bacon Burger,2
468,2025-06-01,Refrigerante,1
469,2025-06-01,Batata Frita,3
470,2025-06-02,Bacon Burger,1
471,2025-06-02,Milkshake,1
472,2025-06-02,Cheeseburger,4
473,2025-06-02,Refrigerante,1
474,2025-06-02,Refrigerante,1
475,2025-06-02,Sorvete,3
476,2025-06-02,Brownie,2
477,2025-06-02,Refrigerante,4
478,2025-06-02,Bacon Burger,4
479,2025-06-03,Cheeseburger,4
480,2025-06-03,Brownie,1
481,2025-06-03,Veggie Burger,2
482,2025-06-03,Batata Frita,2
483,2025-06-03,Batata Frita,3
484,2025-06-03,Refrigerante,3
485,2025-06-03,Milkshake,2
486,2025-06-03,Brownie,4
487,2025-06-03,Bacon Burger,4
488,2025-06-03,Brownie,2
489,2025-06-03,Água,4
490,2025-06-03,Veggie Burger,1
491,2025-06-03,Refrigerante,2
492,2025-06-03,Onion Rings,3
493,2025-06-03,Refrigerante,2
494,2025-06-03,Cheeseburger,4
495,2025-06-04,Sorvete,2
496,2025-06-04,Brownie,2
497,2025-06-04,Refrigerante,3
498,2025-06-04,Bacon Burger,4
499,2025-06-04,Bacon Burger,4
500,2025-06-04,Veggie Burger,3
501,2025-06-04,Bacon Burger,2
502,2025-06-04,Milkshake,3
503,2025-06-04,Bacon Burger,1
504,2025-06-04,Brownie,2
505,2025-06-04,Cheeseburger,4
506,2025-06-05,Água,4
507,2025-06-05,Água,2
508,2025-06-05,Veggie Burger,4
509,2025-06-05,Milkshake,4
510,2025-06-05,Refrigerante,3
511,2025-06-05,Veggie Burger,1
512,2025-06-05,Sorvete,3
513,2025-06-05,Bacon Burger,1
514,2025-06-05,Água,3
515,2025-06-05,Veggie Burger,3
516,2025-06-05,Cheeseburger,3
517,2025-06-05,Brownie,4
518,2025-06-05,Milkshake,1
519,2025-06-05,Milkshake,4
520,2025-06-05,Batata Frita,3
521,2025-06-05,Cheeseburger,2
522,2025-06-06,Milkshake,4
523,2025-06-06,Onion Rings,1
524,2025-06-06,Água,2
525,2025-06-06,Onion Rings,3
526,2025-06-06,Brownie,1
527,2025-06-06,Milkshake,1
528,2025-06-06,Milkshake,3
529,2025-06-06,Onion Rings,2
530,2025-06-06,Onion Rings,1
531,2025-06-06,Sorvete,1
532,2025-06-06,Brownie,4
533,2025-06-06,Milkshake,4
534,2025-06-06,Veggie Burger,2
535,2025-06-06,Sorvete,4
536,2025-06-06,Sorvete,1
537,2025-06-06,Sorvete,1
538,2025-06-06,Veggie Burger,2
539,2025-06-06,Milkshake,3
540,2025-06-06,Veggie Burger,1
541,2025-06-06,Batata Frita,4
542,2025-06-07,Onion Rings,2
543,2025-06-07,Refrigerante,4
544,2025-06-07,Cheeseburger,1
545,2025-06-07,Sorvete,1
546,2025-06-07,Brownie,4
547,2025-06-07,Veggie Burger,2
548,2025-06-07,Milkshake,3
549,2025-06-07,Refrigerante,3
550,2025-06-07,Milkshake,3
551,2025-06-07,Milkshake,4
552,2025-06-07,Veggie Burger,2
553,2025-06-07,Brownie,3
554,2025-06-07,Milkshake,4
555,2025-06-07,Brownie,2
556,2025-06-08,Batata Frita,2
557,2025-06-08,Onion Rings,1
558,2025-06-08,Brownie,3
559,2025-06-08,Cheeseburger,2
560,2025-06-08,Sorvete,1
561,2025-06-08,Onion Rings,4
562,2025-06-08,Refrigerante,1
563,2025-06-08,Veggie Burger,2
564,2025-06-08,Bacon Burger,3
565,2025-06-08,Onion Rings,4
566,2025-06-08,Cheeseburger,4
567,2025-06-08,Veggie Burger,2
568,2025-06-08,Brownie,1
569,2025-06-09,Água,4
570,2025-06-09,Sorvete,1
571,2025-06-09,Água,1
572,2025-06-09,Veggie Burger,4
573,2025-06-09,Bacon Burger,2
574,2025-06-09,Bacon Burger,1
575,2025-06-09,Brownie,4
576,2025-06-09,Cheeseburger,3
577,2025-06-09,Batata Frita,3
578,2025-06-09,Batata Frita,3
579,2025-06-09,Milkshake,3
580,2025-06-09,Água,1
581,2025-06-09,Sorvete,4
582,2025-06-09,Onion Rings,2
583,2025-06-09,Onion Rings,3
584,2025-06-09,Cheeseburger,1
585,2025-06-09,Veggie Burger,4
586,2025-06-09,Sorvete,3
587,2025-06-09,Batata Frita,3
588,2025-06-09,Batata Frita,3
589,2025-06-10,Cheeseburger,4
590,2025-06-10,Veggie Burger,2
591,2025-06-10,Bacon Burger,3
592,2025-06-10,Onion Rings,2
593,2025-06-10,Sorvete,1
594,2025-06-10,Batata Frita,4
595,2025-06-10,Água,1
596,2025-06-10,Brownie,3
597,2025-06-10,Refrigerante,1
598,2025-06-10,Sorvete,2
599,2025-06-10,Brownie,4
600,2025-06-10,Veggie Burger,1
601,2025-06-10,Onion Rings,1
602,2025-06-10,Sorvete,2
603,2025-06-11,Água,1
604,2025-06-11,Refrigerante,1
605,2025-06-11,Sorvete,3
606,2025-06-11,Batata Frita,1
607,2025-06-11,Milkshake,2
608,2025-06-11,Milkshake,1
609,2025-06-11,Bacon Burger,3
610,2025-06-11,Água,1
611,2025-06-11,Batata Frita,4
612,2025-06-11,Bacon Burger,2
613,2025-06-11,Veggie Burger,1
614,2025-06-11,Onion Rings,4
615,2025-06-11,Batata Frita,3
616,2025-06-11,Sorvete,1
617,2025-06-11,Bacon Burger,1
618,2025-06-11,Cheeseburger,3
619,2025-06-12,Brownie,1
620,2025-06-12,Batata Frita,1
621,2025-06-12,Cheeseburger,2
622,2025-06-12,Onion Rings,4
623,2025-06-12,Sorvete,4
624,2025-06-12,Onion Rings,3
625,2025-06-12,Brownie,1
626,2025-06-12,Milkshake,1
627,2025-06-12,Sorvete,1
628,2025-06-12,Água,4
629,2025-06-12,Veggie Burger,1
630,2025-06-12,Refrigerante,1
631,2025-06-12,Veggie Burger,2
632,2025-06-12,Veggie Burger,3
633,2025-06-12,Brownie,1
634,2025-06-12,Veggie Burger,1
635,2025-06-12,Onion Rings,1
636,2025-06-12,Milkshake,4
637,2025-06-12,Bacon Burger,4
638,2025-06-12,Milkshake,2
639,2025-06-13,Cheeseburger,2
640,2025-06-13,Refrigerante,2
641,2025-06-13,Brownie,4
642,2025-06-13,Veggie Burger,1
643,2025-06-13,Onion Rings,4
644,2025-06-13,Refrigerante,3
645,2025-06-13,Água,1
646,2025-06-13,Refrigerante,1
647,2025-06-13,Onion Rings,3
648,2025-06-13,Bacon Burger,4
649,2025-06-13,Bacon Burger,3
650,2025-06-13,Água,1
651,2025-06-13,Milkshake,1
652,2025-06-13,Brownie,1
653,2025-06-13,Onion Rings,4
654,2025-06-13,Refrigerante,3
655,2025-06-13,Bacon Burger,4
656,2025-06-13,Sorvete,4
657,2025-06-13,Sorvete,4
658,2025-06-14,Bacon Burger,2
659,2025-06-14,Água,2
660,2025-06-14,Refrigerante,4
661,2025-06-14,Água,4
662,2025-06-14,Água,2
663,2025-06-14,Brownie,3
664,2025-06-14,Batata Frita,4
665,2025-06-14,Cheeseburger,1
666,2025-06-14,Sorvete,1
667,2025-06-14,Milkshake,2
668,2025-06-14,Milkshake,1
669,2025-06-14,Brownie,2
670,2025-06-14,Refrigerante,4
671,2025-06-14,Brownie,2
672,2025-06-14,Onion Rings,2
673,2025-06-14,Sorvete,4
674,2025-06-15,Sorvete,4
675,2025-06-15,Refrigerante,3
676,2025-06-15,Sorvete,1
677,2025-06-15,Batata Frita,3
678,2025-06-15,Veggie Burger,3
679,2025-06-15,Cheeseburger,1
680,2025-06-15,Cheeseburger,4
681,2025-06-15,Água,3
682,2025-06-15,Refrigerante,1
683,2025-06-15,Bacon Burger,2
684,2025-06-15,Batata Frita,2
685,2025-06-15,Bacon Burger,3
686,2025-06-15,Bacon Burger,1
687,2025-06-15,Veggie Burger,3
688,2025-06-15,Refrigerante,3
689,2025-06-15,Veggie Burger,4
690,2025-06-16,Refrigerante,1
691,2025-06-16,Cheeseburger,3
692,2025-06-16,Refrigerante,2
693,2025-06-16,Brownie,2
694,2025-06-16,Cheeseburger,3
695,2025-06-16,Brownie,4
696,2025-06-16,Sorvete,4
697,2025-06-16,Bacon Burger,4
698,2025-06-16,Milkshake,3
699,2025-06-16,Batata Frita,4
700,2025-06-16,Batata Frita,2
701,2025-06-16,Cheeseburger,4
702,2025-06-16,Milkshake,1
703,2025-06-17,Refrigerante,4
704,2025-06-17,Brownie,3
705,2025-06-17,Bacon Burger,4
706,2025-06-17,Brownie,1
707,2025-06-17,Veggie Burger,4
708,2025-06-17,Veggie Burger,4
709,2025-06-17,Brownie,2
710,2025-06-17,Sorvete,2
711,2025-06-17,Refrigerante,4
712,2025-06-17,Água,2
713,2025-06-17,Sorvete,1
714,2025-06-17,Cheeseburger,2
715,2025-06-17,Bacon Burger,4
716,2025-06-17,Sorvete,3
717,2025-06-17,Veggie Burger,1
718,2025-06-17,Milkshake,1
719,2025-06-17,Onion Rings,1
720,2025-06-17,Refrigerante,1
721,2025-06-18,Bacon Burger,4
722,2025-06-18,Onion Rings,4
723,2025-06-18,Sorvete,2
724,2025-06-18,Refrigerante,2
725,2025-06-18,Bacon Burger,3
726,2025-06-18,Veggie Burger,2
727,2025-06-18,Sorvete,4
728,2025-06-18,Batata Frita,2
729,2025-06-18,Bacon Burger,1
730,2025-06-18,Onion Rings,2
731,2025-06-18,Sorvete,1
732,2025-06-18,Água,1
733,2025-06-18,Batata Frita,4
734,2025-06-18,Milkshake,1
735,2025-06-18,Bacon Burger,2
736,2025-06-18,Veggie Burger,1
737,2025-06-18,Bacon Burger,2
738,2025-06-18,Batata Frita,3
739,2025-06-18,Milkshake,3
740,2025-06-19,Brownie,1
741,2025-06-19,Bacon Burger,4
742,2025-06-19,Onion Rings,4
743,2025-06-19,Veggie Burger,2
744,2025-06-19,Bacon Burger,4
745,2025-06-19,Refrigerante,3
746,2025-06-19,Sorvete,2
747,2025-06-19,Milkshake,1
748,2025-06-19,Brownie,4
749,2025-06-19,Água,3
750,2025-06-19,Água,4
751,2025-06-19,Milkshake,2
752,2025-06-19,Sorvete,1
753,2025-06-19,Milkshake,4
754,2025-06-20,Bacon Burger,4
755,2025-06-20,Refrigerante,1
756,2025-06-20,Sorvete,1
757,2025-06-20,Cheeseburger,4
758,2025-06-20,Veggie Burger,1
759,2025-06-20,Veggie Burger,1
760,2025-06-20,Batata Frita,2
761,2025-06-20,Brownie,2
762,2025-06-20,Refrigerante,2
763,2025-06-20,Milkshake,3
764,2025-06-20,Sorvete,1
765,2025-06-20,Milkshake,4
766,2025-06-20,Bacon Burger,3
767,2025-06-20,Bacon Burger,3
768,2025-06-20,Veggie Burger,3
769,2025-06-20,Batata Frita,1
770,2025-06-20,Brownie,3
771,2025-06-21,Sorvete,2
772,2025-06-21,Onion Rings,4
773,2025-06-21,Brownie,3
774,2025-06-21,Milkshake,4
775,2025-06-21,Onion Rings,4
776,2025-06-21,Batata Frita,3
777,2025-06-21,Água,4
778,2025-06-21,Batata Frita,4
779,2025-06-21,Água,3
780,2025-06-21,Água,4
781,2025-06-21,Onion Rings,4
782,2025-06-21,Refrigerante,2
783,2025-06-21,Cheeseburger,4
784,2025-06-21,Brownie,2
785,2025-06-21,Veggie Burger,1
786,2025-06-21,Milkshake,2
787,2025-06-22,Cheeseburger,1
788,2025-06-22,Milkshake,2
789,2025-06-22,Batata Frita,3
790,2025-06-22,Bacon Burger,1
791,2025-06-22,Onion Rings,1
792,2025-06-22,Batata Frita,2
793,2025-06-22,Brownie,3
794,2025-06-22,Veggie Burger,3
795,2025-06-22,Cheeseburger,2
796,2025-06-22,Refrigerante,2
797,2025-06-22,Batata Frita,4
798,2025-06-22,Onion Rings,1
799,2025-06-22,Brownie,4
800,2025-06-22,Refrigerante,4
801,2025-06-23,Brownie,1
802,2025-06-23,Onion Rings,4
803,2025-06-23,Onion Rings,1
804,2025-06-23,Brownie,2
805,2025-06-23,Batata Frita,2
806,2025-06-23,Brownie,2
807,2025-06-23,Cheeseburger,1
808,2025-06-23,Onion Rings,4
809,2025-06-23,Sorvete,1
810,2025-06-23,Refrigerante,4
811,2025-06-23,Brownie,1
812,2025-06-23,Veggie Burger,3
813,2025-06-24,Onion Rings,2
814,2025-06-24,Refrigerante,1
815,2025-06-24,Sorvete,4
816,2025-06-24,Bacon Burger,4
817,2025-06-24,Refrigerante,3
818,2025-06-24,Bacon Burger,3
819,2025-06-24,Sorvete,4
820,2025-06-24,Onion Rings,4
821,2025-06-24,Veggie Burger,1
822,2025-06-24,Refrigerante,2
823,2025-06-24,Batata Frita,4
824,2025-06-24,Brownie,3
825,2025-06-24,Sorvete,2
826,2025-06-24,Refrigerante,3
827,2025-06-24,Bacon Burger,3
828,2025-06-25,Sorvete,4
829,2025-06-25,Refrigerante,1
830,2025-06-25,Batata Frita,3
831,2025-06-25,Sorvete,3
832,2025-06-25,Bacon Burger,2
833,2025-06-25,Batata Frita,1
834,2025-06-25,Onion Rings,1
835,2025-06-25,Bacon Burger,4
836,2025-06-25,Bacon Burger,2
837,2025-06-25,Água,4
838,2025-06-25,Milkshake,3
839,2025-06-25,Água,2
840,2025-06-26,Onion Rings,2
841,2025-06-26,Veggie Burger,1
842,2025-06-26,Onion Rings,4
843,2025-06-26,Brownie,2
844,2025-06-26,Refrigerante,4
845,2025-06-26,Refrigerante,4
846,2025-06-26,Brownie,3
847,2025-06-26,Onion Rings,2
848,2025-06-26,Cheeseburger,2
849,2025-06-26,Onion Rings,4
850,2025-06-27,Batata Frita,3
851,2025-06-27,Batata Frita,3
852,2025-06-27,Milkshake,4
853,2025-06-27,Milkshake,4
854,2025-06-27,Cheeseburger,1
855,2025-06-27,Brownie,2
856,2025-06-27,Refrigerante,3
857,2025-06-27,Sorvete,4
858,2025-06-28,Sorvete,2
859,2025-06-28,Onion Rings,3
860,2025-06-28,Água,4
861,2025-06-28,Batata Frita,2
862,2025-06-28,Onion Rings,3
863,2025-06-28,Brownie,1
864,2025-06-28,Batata Frita,3
865,2025-06-28,Brownie,3
866,2025-06-28,Refrigerante,4
867,2025-06-28,Batata Frita,4
868,2025-06-28,Batata Frita,4
869,2025-06-28,Bacon Burger,1
870,2025-06-29,Veggie Burger,1
871,2025-06-29,Brownie,2
872,2025-06-29,Veggie Burger,2
873,2025-06-29,Cheeseburger,3
874,2025-06-29,Brownie,2
875,2025-06-29,Brownie,1
876,2025-06-29,Bacon Burger,2
877,2025-06-29,Brownie,2
878,2025-06-29,Batata Frita,1
879,2025-06-29,Sorvete,1
880,2025-06-29,Água,4
881,2025-06-29,Brownie,4
882,2025-06-29,Bacon Burger,1
883,2025-06-29,Bacon Burger,3
884,2025-06-29,Cheeseburger,2
885,2025-06-29,Refrigerante,1
886,2025-06-29,Cheeseburger,2
887,2025-06-29,Sorvete,4
888,2025-06-29,Milkshake,2
889,2025-06-29,Milkshake,4
890,2025-06-30,Água,2
891,2025-06-30,Brownie,1
892,2025-06-30,Sorvete,1
893,2025-06-30,Bacon Burger,3
894,2025-06-30,Brownie,4
895,2025-06-30,Batata Frita,4
896,2025-06-30,Onion Rings,1
897,2025-06-30,Onion Rings,4
898,2025-06-30,Veggie Burger,2
899,2025-06-30,Onion Rings,4
900,2025-06-30,Veggie Burger,3
901,2025-06-30,Sorvete,2
902,2025-06-30,Veggie Burger,2
903,2025-06-30,Veggie Burger,2
904,2025-06-30,Cheeseburger,4
905,2025-06-30,Batata Frita,1
906,2025-06-30,Água,2
907,2025-06-30,Brownie,1
908,2025-07-01,Refrigerante,1
909,2025-07-01,Bacon Burger,1
910,2025-07-01,Refrigerante,3
911,2025-07-01,Cheeseburger,3
912,2025-07-01,Onion Rings,1
913,2025-07-01,Veggie Burger,1
914,2025-07-01,Bacon Burger,2
915,2025-07-01,Brownie,2
916,2025-07-01,Água,1
917,2025-07-01,Sorvete,2
918,2025-07-01,Brownie,1
919,2025-07-01,Bacon Burger,1
920,2025-07-01,Onion Rings,1
921,2025-07-01,Batata Frita,2
922,2025-07-02,Sorvete,2
923,2025-07-02,Cheeseburger,2
924,2025-07-02,Milkshake,3
925,2025-07-02,Brownie,2
926,2025-07-02,Bacon Burger,1
927,2025-07-02,Batata Frita,2
928,2025-07-02,Bacon Burger,2
929,2025-07-02,Bacon Burger,1
930,2025-07-02,Refrigerante,3
931,2025-07-02,Cheeseburger,3
932,2025-07-02,Batata Frita,1
933,2025-07-02,Onion Rings,1
934,2025-07-02,Refrigerante,3
935,2025-07-02,Veggie Burger,2
936,2025-07-02,Onion Rings,2
937,2025-07-02,Cheeseburger,1
938,2025-07-02,Água,1
939,2025-07-02,Água,1
940,2025-07-02,Brownie,1
941,2025-07-03,Milkshake,1
942,2025-07-03,Veggie Burger,3
943,2025-07-03,Batata Frita,3
944,2025-07-03,Veggie Burger,2
945,2025-07-03,Brownie,1
946,2025-07-03,Sorvete,4
947,2025-07-03,Cheeseburger,4
948,2025-07-03,Água,1
949,2025-07-03,Batata Frita,3
950,2025-07-03,Refrigerante,4
951,2025-07-03,Milkshake,1
952,2025-07-03,Sorvete,4
953,2025-07-03,Milkshake,2
954,2025-07-03,Milkshake,4
955,2025-07-03,Onion Rings,1
956,2025-07-04,Onion Rings,3
957,2025-07-04,Batata Frita,4
958,2025-07-04,Água,3
959,2025-07-04,Água,1
960,2025-07-04,Brownie,3
961,2025-07-04,Veggie Burger,3
962,2025-07-04,Onion Rings,4
963,2025-07-04,Água,1
964,2025-07-04,Brownie,1
965,2025-07-04,Milkshake,1
966,2025-07-04,Água,2
967,2025-07-04,Batata Frita,2
968,2025-07-04,Bacon Burger,3
969,2025-07-04,Refrigerante,2
970,2025-07-04,Batata Frita,1
971,2025-07-04,Veggie Burger,4
972,2025-07-04,Água,2
973,2025-07-04,Brownie,2
974,2025-07-05,Sorvete,4
975,2025-07-05,Brownie,3
976,2025-07-05,Veggie Burger,1
977,2025-07-05,Sorvete,3
978,2025-07-05,Brownie,4
979,2025-07-05,Cheeseburger,4
980,2025-07-05,Sorvete,3
981,2025-07-05,Cheeseburger,2
982,2025-07-05,Bacon Burger,1
983,2025-07-05,Brownie,4
984,2025-07-06,Brownie,3
985,2025-07-06,Cheeseburger,4
986,2025-07-06,Batata Frita,3
987,2025-07-06,Refrigerante,3
988,2025-07-06,Cheeseburger,4
989,2025-07-06,Cheeseburger,4
990,2025-07-06,Refrigerante,4
991,2025-07-06,Veggie Burger,3
992,2025-07-07,Milkshake,2
993,2025-07-07,Sorvete,4
994,2025-07-07,Onion Rings,2
995,2025-07-07,Brownie,4
996,2025-07-07,Bacon Burger,4
997,2025-07-07,Bacon Burger,2
998,2025-07-07,Milkshake,3
999,2025-07-07,Cheeseburger,4
1000,2025-07-07,Brownie,3
1001,2025-07-07,Bacon Burger,1
1002,2025-07-07,Batata Frita,2
1003,2025-07-08,Brownie,2
1004,2025-07-08,Bacon Burger,2
1005,2025-07-08,Veggie Burger,4
1006,2025-07-08,Bacon Burger,1
1007,2025-07-08,Brownie,3
1008,2025-07-08,Brownie,3
1009,2025-07-08,Milkshake,4
1010,2025-07-08,Sorvete,2
1011,2025-07-08,Veggie Burger,4
1012,2025-07-08,Batata Frita,3
1013,2025-07-08,Brownie,2
1014,2025-07-08,Batata Frita,3
1015,2025-07-08,Cheeseburger,4
1016,2025-07-08,Bacon Burger,3
1017,2025-07-09,Onion Rings,4
1018,2025-07-09,Sorvete,1
1019,2025-07-09,Brownie,2
1020,2025-07-09,Sorvete,3
1021,2025-07-09,Sorvete,1
1022,2025-07-09,Onion Rings,2
1023,2025-07-09,Veggie Burger,3
1024,2025-07-09,Cheeseburger,1
1025,2025-07-09,Veggie Burger,1
1026,2025-07-09,Água,3
1027,2025-07-09,Veggie Burger,2
1028,2025-07-10,Bacon Burger,1
1029,2025-07-10,Sorvete,1
1030,2025-07-10,Onion Rings,4
1031,2025-07-10,Veggie Burger,2
1032,2025-07-10,Brownie,1
1033,2025-07-10,Água,1
1034,2025-07-10,Brownie,3
1035,2025-07-10,Batata Frita,4
1036,2025-07-10,Cheeseburger,3
1037,2025-07-10,Batata Frita,1
1038,2025-07-10,Batata Frita,1
1039,2025-07-11,Bacon Burger,4
1040,2025-07-11,Cheeseburger,3
1041,2025-07-11,Água,2
1042,2025-07-11,Batata Frita,3
1043,2025-07-11,Veggie Burger,2
1044,2025-07-11,Onion Rings,2
1045,2025-07-11,Batata Frita,3
1046,2025-07-11,Refrigerante,4
1047,2025-07-11,Cheeseburger,1
1048,2025-07-11,Milkshake,2
1049,2025-07-11,Milkshake,4
1050,2025-07-11,Veggie Burger,2
1051,2025-07-11,Refrigerante,4
1052,2025-07-11,Sorvete,4
1053,2025-07-11,Cheeseburger,1
1054,2025-07-11,Água,2
1055,2025-07-11,Veggie Burger,4
1056,2025-07-12,Onion Rings,3
1057,2025-07-12,Cheeseburger,4
1058,2025-07-12,Veggie Burger,3
1059,2025-07-12,Batata Frita,3
1060,2025-07-12,Milkshake,2
1061,2025-07-12,Bacon Burger,3
1062,2025-07-12,Milkshake,3
1063,2025-07-12,Bacon Burger,1
1064,2025-07-13,Refrigerante,2
1065,2025-07-13,Batata Frita,2
1066,2025-07-13,Brownie,1
1067,2025-07-13,Onion Rings,1
1068,2025-07-13,Brownie,4
1069,2025-07-13,Milkshake,4
1070,2025-07-13,Refrigerante,3
1071,2025-07-13,Brownie,4
1072,2025-07-13,Cheeseburger,1
1073,2025-07-13,Bacon Burger,1
1074,2025-07-13,Batata Frita,2
1075,2025-07-13,Brownie,4
1076,2025-07-13,Batata Frita,2
1077,2025-07-13,Brownie,3
1078,2025-07-13,Veggie Burger,1
1079,2025-07-14,Brownie,3
1080,2025-07-14,Bacon Burger,3
1081,2025-07-14,Bacon Burger,4
1082,2025-07-14,Milkshake,2
1083,2025-07-14,Brownie,4
1084,2025-07-14,Cheeseburger,1
1085,2025-07-14,Bacon Burger,2
1086,2025-07-14,Sorvete,2
1087,2025-07-14,Onion Rings,3
1088,2025-07-14,Cheeseburger,4
1089,2025-07-14,Onion Rings,3
1090,2025-07-14,Bacon Burger,2
1091,2025-07-14,Água,1
1092,2025-07-14,Milkshake,3
1093,2025-07-14,Batata Frita,1
1094,2025-07-14,Cheeseburger,2
1095,2025-07-15,Refrigerante,2
1096,2025-07-15,Batata Frita,3
1097,2025-07-15,Brownie,4
1098,2025-07-15,Batata Frita,4
1099,2025-07-15,Água,1
1100,2025-07-15,Bacon Burger,4
1101,2025-07-15,Milkshake,1
1102,2025-07-15,Cheeseburger,4
1103,2025-07-15,Cheeseburger,2
1104,2025-07-16,Água,3
1105,2025-07-16,Refrigerante,3
1106,2025-07-16,Bacon Burger,4
1107,2025-07-16,Brownie,1
1108,2025-07-16,Brownie,1
1109,2025-07-16,Veggie Burger,3
1110,2025-07-16,Veggie Burger,2
1111,2025-07-16,Brownie,4
1112,2025-07-16,Milkshake,4
1113,2025-07-16,Veggie Burger,1
1114,2025-07-17,Onion Rings,1
1115,2025-07-17,Onion Rings,3
1116,2025-07-17,Bacon Burger,1
1117,2025-07-17,Veggie Burger,4
1118,2025-07-17,Água,2
1119,2025-07-17,Onion Rings,2
1120,2025-07-17,Sorvete,2
1121,2025-07-17,Cheeseburger,3
1122,2025-07-17,Brownie,2
1123,2025-07-17,Sorvete,4
1124,2025-07-17,Sorvete,1
1125,2025-07-17,Água,4
1126,2025-07-17,Sorvete,4
1127,2025-07-18,Milkshake,2
1128,2025-07-18,Cheeseburger,4
1129,2025-07-18,Batata Frita,1
1130,2025-07-18,Milkshake,2
1131,2025-07-18,Refrigerante,3
1132,2025-07-18,Bacon Burger,1
1133,2025-07-18,Água,3
1134,2025-07-18,Milkshake,3
1135,2025-07-19,Bacon Burger,4
1136,2025-07-19,Refrigerante,3
1137,2025-07-19,Água,4
1138,2025-07-19,Cheeseburger,4
1139,2025-07-19,Cheeseburger,3
1140,2025-07-19,Refrigerante,2
1141,2025-07-19,Refrigerante,1
1142,2025-07-19,Batata Frita,4
1143,2025-07-19,Brownie,4
1144,2025-07-19,Água,1
1145,2025-07-19,Bacon Burger,2
1146,2025-07-19,Refrigerante,4
1147,2025-07-19,Veggie Burger,2
1148,2025-07-19,Bacon Burger,3
1149,2025-07-19,Sorvete,2
1150,2025-07-19,Refrigerante,3
1151,2025-07-19,Água,2
1152,2025-07-19,Brownie,1
1153,2025-07-20,Sorvete,3
1154,2025-07-20,Refrigerante,3
1155,2025-07-20,Onion Rings,1
1156,2025-07-20,Veggie Burger,1
1157,2025-07-20,Batata Frita,3
1158,2025-07-20,Refrigerante,4
1159,2025-07-20,Brownie,1
1160,2025-07-20,Batata Frita,1
1161,2025-07-20,Cheeseburger,2
1162,2025-07-20,Refrigerante,4
1163,2025-07-20,Sorvete,3
1164,2025-07-21,Onion Rings,3
1165,2025-07-21,Brownie,1
1166,2025-07-21,Veggie Burger,1
1167,2025-07-21,Onion Rings,4
1168,2025-07-21,Onion Rings,2
1169,2025-07-21,Sorvete,2
1170,2025-07-21,Sorvete,3
1171,2025-07-21,Milkshake,1
1172,2025-07-21,Milkshake,4
1173,2025-07-21,Água,1
1174,2025-07-21,Água,4
1175,2025-07-21,Bacon Burger,2
1176,2025-07-21,Brownie,1
1177,2025-07-21,Sorvete,2
1178,2025-07-22,Bacon Burger,3
1179,2025-07-22,Onion Rings,4
1180,2025-07-22,Brownie,3
1181,2025-07-22,Milkshake,2
1182,2025-07-22,Brownie,2
1183,2025-07-22,Sorvete,3
1184,2025-07-22,Cheeseburger,2
1185,2025-07-22,Refrigerante,4
1186,2025-07-22,Brownie,3
1187,2025-07-22,Cheeseburger,4
1188,2025-07-23,Água,4
1189,2025-07-23,Batata Frita,4
1190,2025-07-23,Batata Frita,1
1191,2025-07-23,Água,2
1192,2025-07-23,Água,2
1193,2025-07-23,Refrigerante,4
1194,2025-07-23,Onion Rings,4
1195,2025-07-23,Água,4
1196,2025-07-23,Sorvete,4
1197,2025-07-23,Sorvete,4
1198,2025-07-23,Cheeseburger,4
1199,2025-07-23,Onion Rings,3
1200,2025-07-23,Refrigerante,2
1201,2025-07-23,Brownie,4
1202,2025-07-23,Refrigerante,1
1203,2025-07-24,Milkshake,4
1204,2025-07-24,Brownie,3
1205,2025-07-24,Onion Rings,3
1206,2025-07-24,Refrigerante,4
1207,2025-07-24,Brownie,4
1208,2025-07-24,Batata Frita,3
1209,2025-07-24,Milkshake,2
1210,2025-07-24,Cheeseburger,1
1211,2025-07-24,Milkshake,1
1212,2025-07-24,Refrigerante,1
1213,2025-07-24,Veggie Burger,1
1214,2025-07-24,Milkshake,2
1215,2025-07-24,Sorvete,1
1216,2025-07-24,Refrigerante,4
1217,2025-07-24,Água,2
1218,2025-07-24,Cheeseburger,3
1219,2025-07-25,Onion Rings,1
1220,2025-07-25,Cheeseburger,4
1221,2025-07-25,Brownie,4
1222,2025-07-25,Veggie Burger,1
1223,2025-07-25,Sorvete,1
1224,2025-07-25,Batata Frita,3
1225,2025-07-25,Sorvete,3
1226,2025-07-25,Brownie,4
1227,2025-07-25,Brownie,3
1228,2025-07-25,Milkshake,3
1229,2025-07-25,Brownie,4
1230,2025-07-25,Brownie,3
1231,2025-07-25,Onion Rings,2
1232,2025-07-25,Água,1
1233,2025-07-26,Cheeseburger,4
1234,2025-07-26,Brownie,2
1235,2025-07-26,Batata Frita,4
1236,2025-07-26,Bacon Burger,3
1237,2025-07-26,Veggie Burger,1
1238,2025-07-26,Bacon Burger,4
1239,2025-07-26,Veggie Burger,4
1240,2025-07-26,Água,2
1241,2025-07-26,Água,2
1242,2025-07-26,Refrigerante,2
1243,2025-07-26,Refrigerante,2
1244,2025-07-27,Onion Rings,3
1245,2025-07-27,Refrigerante,3
1246,2025-07-27,Sorvete,3
1247,2025-07-27,Cheeseburger,1
1248,2025-07-27,Bacon Burger,2
1249,2025-07-27,Veggie Burger,4
1250,2025-07-27,Sorvete,4
1251,2025-07-27,Sorvete,3
1252,2025-07-27,Milkshake,2
1253,2025-07-27,Veggie Burger,4
1254,2025-07-28,Água,3
1255,2025-07-28,Onion Rings,2
1256,2025-07-28,Sorvete,1
1257,2025-07-28,Água,4
1258,2025-07-28,Brownie,2
1259,2025-07-28,Água,1
1260,2025-07-28,Bacon Burger,2
1261,2025-07-28,Brownie,1
1262,2025-07-28,Sorvete,4
1263,2025-07-28,Milkshake,2
1264,2025-07-28,Cheeseburger,2
1265,2025-07-28,Onion Rings,2
1266,2025-07-28,Brownie,3
1267,2025-07-28,Bacon Burger,4
1268,2025-07-28,Batata Frita,4
1269,2025-07-28,Bacon Burger,2
1270,2025-07-28,Sorvete,4
1271,2025-07-29,Água,2
1272,2025-07-29,Bacon Burger,4
1273,2025-07-29,Sorvete,1
1274,2025-07-29,Cheeseburger,3
1275,2025-07-29,Brownie,3
1276,2025-07-29,Onion Rings,1
1277,2025-07-29,Cheeseburger,1
1278,2025-07-29,Batata Frita,1
1279,2025-07-30,Água,2
1280,2025-07-30,Cheeseburger,2
1281,2025-07-30,Água,4
1282,2025-07-30,Batata Frita,3
1283,2025-07-30,Sorvete,2
1284,2025-07-30,Milkshake,3
1285,2025-07-30,Milkshake,3
1286,2025-07-30,Cheeseburger,3
1287,2025-07-31,Cheeseburger,3
1288,2025-07-31,Cheeseburger,4
1289,2025-07-31,Brownie,4
1290,2025-07-31,Sorvete,3
1291,2025-07-31,Cheeseburger,1
1292,2025-07-31,Veggie Burger,3
1293,2025-07-31,Brownie,1
1294,2025-07-31,Sorvete,3
1295,2025-07-31,Brownie,1
1296,2025-07-31,Brownie,4
1297,2025-07-31,Sorvete,2
1298,2025-07-31,Cheeseburger,3
1299,2025-07-31,Brownie,2
1300,2025-07-31,Milkshake,2
1301,2025-07-31,Sorvete,4
1302,2025-07-31,Cheeseburger,3
1303,2025-07-31,Veggie Burger,3
1304,2025-08-01,Onion Rings,2
1305,2025-08-01,Bacon Burger,3
1306,2025-08-01,Onion Rings,4
1307,2025-08-01,Veggie Burger,1
1308,2025-08-01,Milkshake,4
1309,2025-08-01,Batata Frita,2
1310,2025-08-01,Brownie,3
1311,2025-08-01,Veggie Burger,2
1312,2025-08-02,Refrigerante,2
1313,2025-08-02,Veggie Burger,4
1314,2025-08-02,Refrigerante,3
1315,2025-08-02,Onion Rings,3
1316,2025-08-02,Água,1
1317,2025-08-02,Brownie,3
1318,2025-08-02,Veggie Burger,3
1319,2025-08-02,Sorvete,3
1320,2025-08-02,Cheeseburger,2
1321,2025-08-02,Bacon Burger,4
1322,2025-08-02,Onion Rings,3
1323,2025-08-03,Batata Frita,4
1324,2025-08-03,Água,2
1325,2025-08-03,Brownie,2
1326,2025-08-03,Brownie,3
1327,2025-08-03,Bacon Burger,1
1328,2025-08-03,Brownie,3
1329,2025-08-03,Veggie Burger,4
1330,2025-08-03,Bacon Burger,4
1331,2025-08-03,Sorvete,2
1332,2025-08-03,Bacon Burger,1
1333,2025-08-03,Bacon Burger,2
1334,2025-08-03,Bacon Burger,4
1335,2025-08-03,Milkshake,3
1336,2025-08-03,Onion Rings,3
1337,2025-08-04,Onion Rings,4
1338,2025-08-04,Veggie Burger,1
1339,2025-08-04,Bacon Burger,3
1340,2025-08-04,Brownie,1
1341,2025-08-04,Brownie,1
1342,2025-08-04,Veggie Burger,2
1343,2025-08-04,Batata Frita,3
1344,2025-08-04,Brownie,3
1345,2025-08-04,Bacon Burger,3
1346,2025-08-05,Refrigerante,4
1347,2025-08-05,Água,4
1348,2025-08-05,Onion Rings,1
1349,2025-08-05,Bacon Burger,1
1350,2025-08-05,Batata Frita,2
1351,2025-08-05,Água,4
1352,2025-08-05,Batata Frita,1
1353,2025-08-05,Cheeseburger,2
1354,2025-08-05,Bacon Burger,2
1355,2025-08-05,Batata Frita,4
1356,2025-08-05,Água,1
1357,2025-08-05,Veggie Burger,3
1358,2025-08-05,Brownie,1
1359,2025-08-05,Cheeseburger,3
1360,2025-08-06,Milkshake,4
1361,2025-08-06,Cheeseburger,4
1362,2025-08-06,Cheeseburger,3
1363,2025-08-06,Brownie,2
1364,2025-08-06,Bacon Burger,1
1365,2025-08-06,Brownie,4
1366,2025-08-06,Refrigerante,4
1367,2025-08-06,Sorvete,3
1368,2025-08-06,Refrigerante,3
1369,2025-08-06,Água,4
1370,2025-08-06,Milkshake,2
1371,2025-08-06,Milkshake,3
1372,2025-08-06,Água,1
1373,2025-08-06,Brownie,4
1374,2025-08-06,Onion Rings,1
1375,2025-08-06,Onion Rings,2
1376,2025-08-07,Bacon Burger,3
1377,2025-08-07,Brownie,3
1378,2025-08-07,Água,1
1379,2025-08-07,Sorvete,2
1380,2025-08-07,Batata Frita,4
1381,2025-08-07,Veggie Burger,1
1382,2025-08-07,Veggie Burger,3
1383,2025-08-07,Bacon Burger,2
1384,2025-08-07,Batata Frita,4
1385,2025-08-07,Veggie Burger,2
1386,2025-08-07,Refrigerante,3
1387,2025-08-07,Sorvete,4
1388,2025-08-08,Refrigerante,3
1389,2025-08-08,Onion Rings,1
1390,2025-08-08,Veggie Burger,4
1391,2025-08-08,Brownie,3
1392,2025-08-08,Brownie,4
1393,2025-08-08,Brownie,2
1394,2025-08-08,Milkshake,2
1395,2025-08-08,Brownie,3
1396,2025-08-08,Bacon Burger,3
1397,2025-08-08,Brownie,3
1398,2025-08-08,Veggie Burger,1
1399,2025-08-08,Cheeseburger,1
1400,2025-08-08,Cheeseburger,4
1401,2025-08-08,Água,3
1402,2025-08-08,Batata Frita,2
1403,2025-08-08,Cheeseburger,1
1404,2025-08-08,Sorvete,4
1405,2025-08-08,Refrigerante,1
1406,2025-08-08,Refrigerante,2
1407,2025-08-08,Batata Frita,1
1408,2025-08-09,Veggie Burger,4
1409,2025-08-09,Água,2
1410,2025-08-09,Milkshake,1
1411,2025-08-09,Milkshake,3
1412,2025-08-09,Refrigerante,3
1413,2025-08-09,Água,4
1414,2025-08-09,Brownie,1
1415,2025-08-09,Sorvete,2
1416,2025-08-09,Água,4
1417,2025-08-09,Cheeseburger,4
1418,2025-08-10,Veggie Burger,2
1419,2025-08-10,Cheeseburger,4
1420,2025-08-10,Sorvete,4
1421,2025-08-10,Cheeseburger,1
1422,2025-08-10,Sorvete,1
1423,2025-08-10,Água,3
1424,2025-08-10,Onion Rings,2
1425,2025-08-10,Refrigerante,2
1426,2025-08-10,Sorvete,1
1427,2025-08-10,Brownie,1
1428,2025-08-10,Onion Rings,2
1429,2025-08-10,Cheeseburger,3
1430,2025-08-10,Milkshake,2
1431,2025-08-10,Água,1
1432,2025-08-10,Brownie,2
1433,2025-08-10,Refrigerante,1
1434,2025-08-10,Milkshake,4
1435,2025-08-10,Água,3
1436,2025-08-10,Onion Rings,1
1437,2025-08-11,Onion Rings,3
1438,2025-08-11,Água,1
1439,2025-08-11,Refrigerante,4
1440,2025-08-11,Cheeseburger,2
1441,2025-08-11,Bacon Burger,3
1442,2025-08-11,Veggie Burger,1
1443,2025-08-11,Veggie Burger,2
1444,2025-08-11,Sorvete,2
1445,2025-08-11,Água,3
1446,2025-08-11,Refrigerante,1
1447,2025-08-12,Água,1
1448,2025-08-12,Água,2
1449,2025-08-12,Veggie Burger,3
1450,2025-08-12,Sorvete,2
1451,2025-08-12,Cheeseburger,3
1452,2025-08-12,Batata Frita,2
1453,2025-08-12,Refrigerante,4
1454,2025-08-12,Milkshake,4
1455,2025-08-12,Água,3
1456,2025-08-13,Veggie Burger,1
1457,2025-08-13,Milkshake,1
1458,2025-08-13,Cheeseburger,3
1459,2025-08-13,Onion Rings,4
1460,2025-08-13,Brownie,4
1461,2025-08-13,Batata Frita,4
1462,2025-08-13,Batata Frita,4
1463,2025-08-13,Cheeseburger,4
1464,2025-08-13,Sorvete,3
1465,2025-08-14,Batata Frita,4
1466,2025-08-14,Veggie Burger,4
1467,2025-08-14,Sorvete,2
1468,2025-08-14,Batata Frita,1
1469,2025-08-14,Onion Rings,1
1470,2025-08-14,Milkshake,3
1471,2025-08-14,Milkshake,4
1472,2025-08-14,Cheeseburger,1
1473,2025-08-14,Brownie,1
1474,2025-08-15,Batata Frita,3
1475,2025-08-15,Onion Rings,4
1476,2025-08-15,Onion Rings,4
1477,2025-08-15,Brownie,1
1478,2025-08-15,Sorvete,2
1479,2025-08-15,Sorvete,2
1480,2025-08-15,Milkshake,1
1481,2025-08-15,Milkshake,4
1482,2025-08-15,Cheeseburger,2
1483,2025-08-15,Bacon Burger,4
1484,2025-08-15,Bacon Burger,4
1485,2025-08-15,Batata Frita,1
1486,2025-08-15,Onion Rings,1
1487,2025-08-15,Veggie Burger,4
1488,2025-08-15,Cheeseburger,2
1489,2025-08-15,Batata Frita,3
1490,2025-08-15,Sorvete,1
1491,2025-08-16,Refrigerante,1
1492,2025-08-16,Onion Rings,4
1493,2025-08-16,Batata Frita,2
1494,2025-08-16,Onion Rings,1
1495,2025-08-16,Refrigerante,4
1496,2025-08-16,Milkshake,1
1497,2025-08-16,Veggie Burger,1
1498,2025-08-16,Onion Rings,2
1499,2025-08-16,Refrigerante,1
1500,2025-08-17,Água,1
1501,2025-08-17,Água,1
1502,2025-08-17,Cheeseburger,1
1503,2025-08-17,Onion Rings,4
1504,2025-08-17,Milkshake,3
1505,2025-08-17,Água,2
1506,2025-08-17,Bacon Burger,4
1507,2025-08-17,Batata Frita,2
1508,2025-08-17,Brownie,4
1509,2025-08-18,Brownie,3
1510,2025-08-18,Brownie,4
1511,2025-08-18,Onion Rings,3
1512,2025-08-18,Brownie,4
1513,2025-08-18,Água,4
1514,2025-08-18,Água,3
1515,2025-08-18,Refrigerante,1
1516,2025-08-18,Bacon Burger,2
1517,2025-08-18,Veggie Burger,3
1518,2025-08-18,Sorvete,4
1519,2025-08-18,Bacon Burger,4
1520,2025-08-18,Batata Frita,2
1521,2025-08-18,Milkshake,3
1522,2025-08-18,Veggie Burger,1
1523,2025-08-18,Batata Frita,2
1524,2025-08-18,Sorvete,3
1525,2025-08-18,Bacon Burger,3
1526,2025-08-18,Onion Rings,2
1527,2025-08-18,Água,2
1528,2025-08-18,Refrigerante,4
1529,2025-08-19,Cheeseburger,2
1530,2025-08-19,Milkshake,1
1531,2025-08-19,Bacon Burger,1
1532,2025-08-19,Brownie,1
1533,2025-08-19,Bacon Burger,3
1534,2025-08-19,Milkshake,4
1535,2025-08-19,Refrigerante,4
1536,2025-08-19,Batata Frita,4
1537,2025-08-19,Milkshake,1
1538,2025-08-19,Água,4
1539,2025-08-20,Veggie Burger,3
1540,2025-08-20,Onion Rings,1
1541,2025-08-20,Brownie,4
1542,2025-08-20,Brownie,1
1543,2025-08-20,Onion Rings,4
1544,2025-08-20,Água,4
1545,2025-08-20,Sorvete,3
1546,2025-08-20,Refrigerante,2
1547,2025-08-20,Milkshake,2
1548,2025-08-20,Milkshake,4
1549,2025-08-20,Veggie Burger,2
1550,2025-08-20,Água,4
1551,2025-08-20,Batata Frita,3
1552,2025-08-20,Água,2
1553,2025-08-21,Milkshake,3
1554,2025-08-21,Água,3
1555,2025-08-21,Refrigerante,2
1556,2025-08-21,Onion Rings,3
1557,2025-08-21,Milkshake,3
1558,2025-08-21,Onion Rings,1
1559,2025-08-21,Brownie,2
1560,2025-08-21,Sorvete,3
1561,2025-08-21,Água,1
1562,2025-08-21,Água,1
1563,2025-08-21,Refrigerante,2
1564,2025-08-21,Refrigerante,3
1565,2025-08-21,Refrigerante,3
1566,2025-08-21,Batata Frita,2
1567,2025-08-21,Brownie,4
1568,2025-08-22,Cheeseburger,2
1569,2025-08-22,Água,2
1570,2025-08-22,Veggie Burger,3
1571,2025-08-22,Batata Frita,1
1572,2025-08-22,Brownie,1
1573,2025-08-22,Milkshake,1
1574,2025-08-22,Bacon Burger,1
1575,2025-08-22,Refrigerante,3
1576,2025-08-22,Cheeseburger,2
1577,2025-08-22,Brownie,2
1578,2025-08-22,Refrigerante,4
1579,2025-08-22,Onion Rings,1
1580,2025-08-22,Sorvete,3
1581,2025-08-22,Água,2
1582,2025-08-22,Água,2
1583,2025-08-23,Sorvete,4
1584,2025-08-23,Cheeseburger,1
1585,2025-08-23,Batata Frita,4
1586,2025-08-23,Bacon Burger,2
1587,2025-08-23,Onion Rings,4
1588,2025-08-23,Brownie,4
1589,2025-08-23,Sorvete,2
1590,2025-08-23,Brownie,4
1591,2025-08-23,Água,1
1592,2025-08-23,Batata Frita,2
1593,2025-08-24,Veggie Burger,3
1594,2025-08-24,Onion Rings,3
1595,2025-08-24,Refrigerante,1
1596,2025-08-24,Água,3
1597,2025-08-24,Refrigerante,2
1598,2025-08-24,Cheeseburger,2
1599,2025-08-24,Brownie,2
1600,2025-08-24,Onion Rings,3
1601,2025-08-24,Bacon Burger,4
1602,2025-08-24,Veggie Burger,2
1603,2025-08-24,Bacon Burger,4
1604,2025-08-24,Veggie Burger,1
1605,2025-08-24,Batata Frita,4
1606,2025-08-24,Onion Rings,1
1607,2025-08-24,Veggie Burger,2
1608,2025-08-24,Milkshake,3
1609,2025-08-24,Veggie Burger,1
1610,2025-08-24,Sorvete,2
1611,2025-08-24,Batata Frita,2
1612,2025-08-25,Bacon Burger,3
1613,2025-08-25,Bacon Burger,1
1614,2025-08-25,Cheeseburger,2
1615,2025-08-25,Onion Rings,2
1616,2025-08-25,Água,3
1617,2025-08-25,Água,4
1618,2025-08-25,Veggie Burger,2
1619,2025-08-25,Milkshake,3
1620,2025-08-25,Onion Rings,4
1621,2025-08-25,Bacon Burger,1
1622,2025-08-25,Refrigerante,1
1623,2025-08-25,Veggie Burger,2
1624,2025-08-25,Veggie Burger,3
1625,2025-08-25,Cheeseburger,1
1626,2025-08-25,Brownie,3
1627,2025-08-26,Brownie,3
1628,2025-08-26,Milkshake,1
1629,2025-08-26,Sorvete,1
1630,2025-08-26,Refrigerante,3
1631,2025-08-26,Brownie,1
1632,2025-08-26,Brownie,4
1633,2025-08-26,Onion Rings,2
1634,2025-08-26,Água,2
1635,2025-08-26,Onion Rings,4
1636,2025-08-26,Milkshake,3
1637,2025-08-26,Batata Frita,3
1638,2025-08-26,Milkshake,2
1639,2025-08-26,Batata Frita,1
1640,2025-08-26,Refrigerante,3
1641,2025-08-26,Batata Frita,2
1642,2025-08-26,Cheeseburger,2
1643,2025-08-27,Sorvete,2
1644,2025-08-27,Veggie Burger,4
1645,2025-08-27,Sorvete,2
1646,2025-08-27,Veggie Burger,4
1647,2025-08-27,Veggie Burger,4
1648,2025-08-27,Veggie Burger,4
1649,2025-08-27,Brownie,3
1650,2025-08-27,Veggie Burger,2
1651,2025-08-27,Onion Rings,3
1652,2025-08-27,Refrigerante,1
1653,2025-08-27,Refrigerante,1
1654,2025-08-27,Refrigerante,2
1655,2025-08-27,Refrigerante,4
1656,2025-08-27,Cheeseburger,1
1657,2025-08-27,Bacon Burger,1
1658,2025-08-27,Onion Rings,4
1659,2025-08-27,Veggie Burger,1
1660,2025-08-27,Onion Rings,3
1661,2025-08-27,Água,3
1662,2025-08-27,Refrigerante,1
1663,2025-08-28,Bacon Burger,4
1664,2025-08-28,Veggie Burger,1
1665,2025-08-28,Água,1
1666,2025-08-28,Cheeseburger,4
1667,2025-08-28,Cheeseburger,3
1668,2025-08-28,Cheeseburger,1
1669,2025-08-28,Veggie Burger,1
1670,2025-08-28,Onion Rings,1
1671,2025-08-28,Milkshake,4
1672,2025-08-28,Cheeseburger,3
1673,2025-08-28,Sorvete,1
1674,2025-08-28,Refrigerante,4
1675,2025-08-28,Brownie,1
1676,2025-08-28,Milkshake,3
1677,2025-08-29,Refrigerante,3
1678,2025-08-29,Milkshake,4
1679,2025-08-29,Bacon Burger,3
1680,2025-08-29,Milkshake,2
1681,2025-08-29,Cheeseburger,2
1682,2025-08-29,Batata Frita,3
1683,2025-08-29,Milkshake,2
1684,2025-08-29,Veggie Burger,2
1685,2025-08-29,Água,3
1686,2025-08-30,Refrigerante,1
1687,2025-08-30,Veggie Burger,1
1688,2025-08-30,Milkshake,3
1689,2025-08-30,Sorvete,3
1690,2025-08-30,Batata Frita,2
1691,2025-08-30,Batata Frita,1
1692,2025-08-30,Cheeseburger,4
1693,2025-08-30,Milkshake,1
1694,2025-08-30,Onion Rings,4
1695,2025-08-30,Milkshake,1
1696,2025-08-30,Água,3
1697,2025-08-30,Onion Rings,1
1698,2025-08-30,Veggie Burger,1
1699,2025-08-30,Onion Rings,4
1700,2025-08-30,Sorvete,1
1701,2025-08-31,Onion Rings,3
1702,2025-08-31,Veggie Burger,4
1703,2025-08-31,Brownie,3
1704,2025-08-31,Milkshake,1
1705,2025-08-31,Água,2
1706,2025-08-31,Bacon Burger,1
1707,2025-08-31,Refrigerante,1
1708,2025-08-31,Bacon Burger,4
1709,2025-08-31,Veggie Burger,2
1710,2025-08-31,Batata Frita,4
1711,2025-08-31,Cheeseburger,4
1712,2025-08-31,Cheeseburger,3
1713,2025-08-31,Veggie Burger,2
1714,2025-08-31,Onion Rings,1
1715,2025-08-31,Brownie,4
1716,2025-08-31,Batata Frita,3
1717,2025-08-31,Onion Rings,1
1718,2025-08-31,Veggie Burger,1
1719,2025-08-31,Bacon Burger,2
1720,2025-09-01,Refrigerante,1
1721,2025-09-01,Refrigerante,4
1722,2025-09-01,Batata Frita,3
1723,2025-09-01,Onion Rings,2
1724,2025-09-01,Veggie Burger,3
1725,2025-09-01,Veggie Burger,3
1726,2025-09-01,Milkshake,1
1727,2025-09-01,Água,1
1728,2025-09-01,Cheeseburger,2
1729,2025-09-02,Brownie,1
1730,2025-09-02,Sorvete,4
1731,2025-09-02,Veggie Burger,4
1732,2025-09-02,Bacon Burger,1
1733,2025-09-02,Milkshake,4
1734,2025-09-02,Cheeseburger,4
1735,2025-09-02,Bacon Burger,3
1736,2025-09-02,Refrigerante,4
1737,2025-09-02,Brownie,4
1738,2025-09-02,Veggie Burger,1
1739,2025-09-02,Brownie,3
1740,2025-09-02,Batata Frita,4
1741,2025-09-02,Batata Frita,1
1742,2025-09-02,Veggie Burger,4
1743,2025-09-02,Milkshake,1
1744,2025-09-02,Refrigerante,3
1745,2025-09-02,Milkshake,3
1746,2025-09-02,Água,4
1747,2025-09-03,Sorvete,2
1748,2025-09-03,Veggie Burger,1
1749,2025-09-03,Água,3
1750,2025-09-03,Milkshake,1
1751,2025-09-03,Veggie Burger,1
1752,2025-09-03,Veggie Burger,3
1753,2025-09-03,Sorvete,4
1754,2025-09-03,Milkshake,3
1755,2025-09-03,Sorvete,1
1756,2025-09-03,Refrigerante,2
1757,2025-09-03,Onion Rings,4
1758,2025-09-04,Veggie Burger,1
1759,2025-09-04,Bacon Burger,4
1760,2025-09-04,Milkshake,3
1761,2025-09-04,Sorvete,1
1762,2025-09-04,Veggie Burger,1
1763,2025-09-04,Brownie,3
1764,2025-09-04,Sorvete,3
1765,2025-09-04,Veggie Burger,2
1766,2025-09-04,Bacon Burger,4
1767,2025-09-04,Refrigerante,3
1768,2025-09-04,Brownie,1
1769,2025-09-04,Onion Rings,3
1770,2025-09-04,Veggie Burger,1
1771,2025-09-04,Refrigerante,2
1772,2025-09-04,Água,1
1773,2025-09-04,Brownie,2
1774,2025-09-04,Bacon Burger,1
1775,2025-09-04,Cheeseburger,3
1776,2025-09-05,Refrigerante,2
1777,2025-09-05,Água,2
1778,2025-09-05,Brownie,1
1779,2025-09-05,Batata Frita,1
1780,2025-09-05,Milkshake,2
1781,2025-09-05,Bacon Burger,2
1782,2025-09-05,Bacon Burger,4
1783,2025-09-05,Onion Rings,3
1784,2025-09-05,Água,3
1785,2025-09-05,Veggie Burger,4
1786,2025-09-05,Milkshake,3
1787,2025-09-06,Brownie,4
1788,2025-09-06,Batata Frita,4
1789,2025-09-06,Cheeseburger,4
1790,2025-09-06,Bacon Burger,3
1791,2025-09-06,Milkshake,3
1792,2025-09-06,Onion Rings,4
1793,2025-09-06,Bacon Burger,4
1794,2025-09-06,Refrigerante,4
1795,2025-09-06,Sorvete,4
1796,2025-09-06,Refrigerante,2
1797,2025-09-06,Bacon Burger,4
1798,2025-09-06,Milkshake,1
1799,2025-09-06,Sorvete,1
1800,2025-09-06,Sorvete,1
1801,2025-09-06,Sorvete,4
1802,2025-09-07,Água,1
1803,2025-09-07,Água,4
1804,2025-09-07,Cheeseburger,4
1805,2025-09-07,Batata Frita,2
1806,2025-09-07,Brownie,1
1807,2025-09-07,Veggie Burger,3
1808,2025-09-07,Bacon Burger,2
1809,2025-09-07,Sorvete,2
1810,2025-09-07,Sorvete,4
1811,2025-09-07,Bacon Burger,3
1812,2025-09-07,Veggie Burger,1
1813,2025-09-07,Onion Rings,4
1814,2025-09-07,Cheeseburger,4
1815,2025-09-07,Batata Frita,1
1816,2025-09-07,Milkshake,1
1817,2025-09-07,Refrigerante,3
1818,2025-09-07,Bacon Burger,3
1819,2025-09-07,Batata Frita,2
1820,2025-09-07,Refrigerante,4
1821,2025-09-08,Batata Frita,3
1822,2025-09-08,Brownie,2
1823,2025-09-08,Refrigerante,4
1824,2025-09-08,Batata Frita,3
1825,2025-09-08,Água,4
1826,2025-09-08,Bacon Burger,2
1827,2025-09-08,Cheeseburger,3
1828,2025-09-08,Cheeseburger,4
1829,2025-09-08,Cheeseburger,2
1830,2025-09-08,Refrigerante,3
1831,2025-09-08,Refrigerante,3
1832,2025-09-08,Milkshake,1
1833,2025-09-08,Batata Frita,2
1834,2025-09-09,Onion Rings,4
1835,2025-09-09,Milkshake,4
1836,2025-09-09,Batata Frita,4
1837,2025-09-09,Água,4
1838,2025-09-09,Água,3
1839,2025-09-09,Veggie Burger,4
1840,2025-09-09,Batata Frita,1
1841,2025-09-09,Onion Rings,1
1842,2025-09-09,Sorvete,1
1843,2025-09-09,Bacon Burger,2
1844,2025-09-09,Veggie Burger,1
1845,2025-09-09,Água,1
1846,2025-09-09,Refrigerante,1
1847,2025-09-09,Veggie Burger,3
1848,2025-09-09,Bacon Burger,2
1849,2025-09-09,Refrigerante,1
1850,2025-09-09,Cheeseburger,3
1851,2025-09-09,Cheeseburger,3
1852,2025-09-10,Brownie,1
1853,2025-09-10,Batata Frita,2
1854,2025-09-10,Brownie,1
1855,2025-09-10,Refrigerante,4
1856,2025-09-10,Cheeseburger,3
1857,2025-09-10,Água,1
1858,2025-09-10,Onion Rings,3
1859,2025-09-10,Milkshake,4
1860,2025-09-10,Sorvete,4
1861,2025-09-10,Veggie Burger,4
1862,2025-09-10,Bacon Burger,3
1863,2025-09-10,Batata Frita,4
1864,2025-09-10,Sorvete,2
1865,2025-09-10,Batata Frita,4
1866,2025-09-10,Cheeseburger,2
1867,2025-09-10,Cheeseburger,4
1868,2025-09-11,Onion Rings,1
1869,2025-09-11,Brownie,2
1870,2025-09-11,Brownie,2
1871,2025-09-11,Bacon Burger,1
1872,2025-09-11,Onion Rings,2
1873,2025-09-11,Batata Frita,4
1874,2025-09-11,Onion Rings,3
1875,2025-09-11,Milkshake,4
1876,2025-09-11,Sorvete,4
1877,2025-09-11,Bacon Burger,4
1878,2025-09-12,Milkshake,4
1879,2025-09-12,Cheeseburger,2
1880,2025-09-12,Bacon Burger,1
1881,2025-09-12,Milkshake,1
1882,2025-09-12,Veggie Burger,1
1883,2025-09-12,Sorvete,1
1884,2025-09-12,Refrigerante,1
1885,2025-09-12,Veggie Burger,2
1886,2025-09-12,Refrigerante,1
1887,2025-09-12,Brownie,3
1888,2025-09-12,Veggie Burger,1
1889,2025-09-12,Batata Frita,3
1890,2025-09-12,Refrigerante,3
1891,2025-09-12,Refrigerante,3
1892,2025-09-12,Sorvete,4
1893,2025-09-12,Água,4
1894,2025-09-12,Onion Rings,4
1895,2025-09-12,Milkshake,2
1896,2025-09-13,Água,1
1897,2025-09-13,Batata Frita,2
1898,2025-09-13,Veggie Burger,2
1899,2025-09-13,Veggie Burger,4
1900,2025-09-13,Sorvete,3
1901,2025-09-13,Bacon Burger,2
1902,2025-09-13,Brownie,1
1903,2025-09-13,Onion Rings,2
1904,2025-09-13,Milkshake,4
1905,2025-09-13,Água,3
1906,2025-09-13,Sorvete,3
1907,2025-09-14,Água,2
1908,2025-09-14,Sorvete,4
1909,2025-09-14,Brownie,1
1910,2025-09-14,Cheeseburger,1
1911,2025-09-14,Refrigerante,3
1912,2025-09-14,Veggie Burger,3
1913,2025-09-14,Bacon Burger,3
1914,2025-09-14,Onion Rings,4
1915,2025-09-14,Onion Rings,3
1916,2025-09-14,Cheeseburger,3
1917,2025-09-14,Veggie Burger,3
1918,2025-09-14,Batata Frita,3
1919,2025-09-14,Batata Frita,4
1920,2025-09-14,Veggie Burger,2
1921,2025-09-14,Milkshake,3
1922,2025-09-14,Batata Frita,1
1923,2025-09-14,Refrigerante,3
1924,2025-09-14,Bacon Burger,3
1925,2025-09-15,Água,3
1926,2025-09-15,Água,2
1927,2025-09-15,Sorvete,2
1928,2025-09-15,Bacon Burger,4
1929,2025-09-15,Bacon Burger,3
1930,2025-09-15,Brownie,4
1931,2025-09-15,Onion Rings,2
1932,2025-09-15,Sorvete,4
1933,2025-09-15,Cheeseburger,1
1934,2025-09-15,Refrigerante,4
1935,2025-09-15,Refrigerante,3
1936,2025-09-15,Sorvete,3
1937,2025-09-15,Bacon Burger,1
1938,2025-09-15,Refrigerante,2
1939,2025-09-15,Veggie Burger,4
1940,2025-09-15,Bacon Burger,1
1941,2025-09-15,Brownie,2
1942,2025-09-15,Sorvete,2
1943,2025-09-16,Sorvete,1
1944,2025-09-16,Veggie Burger,2
1945,2025-09-16,Veggie Burger,2
1946,2025-09-16,Água,3
1947,2025-09-16,Sorvete,1
1948,2025-09-16,Água,3
1949,2025-09-16,Bacon Burger,3
1950,2025-09-16,Milkshake,4
1951,2025-09-16,Batata Frita,1
1952,2025-09-16,Cheeseburger,4
1953,2025-09-16,Sorvete,3
1954,2025-09-16,Cheeseburger,2
1955,2025-09-16,Veggie Burger,3
1956,2025-09-16,Brownie,2
1957,2025-09-16,Brownie,2
1958,2025-09-16,Água,1
1959,2025-09-16,Milkshake,4
1960,2025-09-16,Sorvete,3
1961,2025-09-17,Bacon Burger,2
1962,2025-09-17,Bacon Burger,1
1963,2025-09-17,Milkshake,3
1964,2025-09-17,Milkshake,2
1965,2025-09-17,Água,1
1966,2025-09-17,Onion Rings,4
1967,2025-09-17,Brownie,1
1968,2025-09-17,Veggie Burger,2
1969,2025-09-18,Batata Frita,2
1970,2025-09-18,Onion Rings,2
1971,2025-09-18,Veggie Burger,1
1972,2025-09-18,Onion Rings,1
1973,2025-09-18,Milkshake,2
1974,2025-09-18,Refrigerante,2
1975,2025-09-18,Veggie Burger,4
1976,2025-09-18,Batata Frita,1
1977,2025-09-18,Veggie Burger,2
1978,2025-09-18,Bacon Burger,4
1979,2025-09-18,Água,2
1980,2025-09-18,Batata Frita,1
1981,2025-09-18,Brownie,1
1982,2025-09-18,Água,4
1983,2025-09-18,Sorvete,1
1984,2025-09-18,Água,1
1985,2025-09-19,Batata Frita,4
1986,2025-09-19,Água,3
1987,2025-09-19,Bacon Burger,1
1988,2025-09-19,Refrigerante,2
1989,2025-09-19,Água,4
1990,2025-09-19,Água,4
1991,2025-09-19,Batata Frita,1
1992,2025-09-19,Brownie,4
1993,2025-09-19,Bacon Burger,4
1994,2025-09-19,Brownie,3
1995,2025-09-20,Batata Frita,3
1996,2025-09-20,Sorvete,4
1997,2025-09-20,Bacon Burger,4
1998,2025-09-20,Cheeseburger,2
1999,2025-09-20,Água,4
2000,2025-09-20,Cheeseburger,3
2001,2025-09-20,Sorvete,4
2002,2025-09-20,Sorvete,3
2003,2025-09-20,Batata Frita,4
2004,2025-09-20,Cheeseburger,4
2005,2025-09-20,Cheeseburger,3
2006,2025-09-20,Batata Frita,2
2007,2025-09-20,Batata Frita,3
2008,2025-09-20,Veggie Burger,1
2009,2025-09-20,Sorvete,2
2010,2025-09-20,Brownie,4
2011,2025-09-20,Batata Frita,1
2012,2025-09-21,Batata Frita,4
2013,2025-09-21,Bacon Burger,2
2014,2025-09-21,Água,2
2015,2025-09-21,Milkshake,2
2016,2025-09-21,Veggie Burger,4
2017,2025-09-21,Onion Rings,2
2018,2025-09-21,Água,1
2019,2025-09-21,Batata Frita,3
2020,2025-09-22,Sorvete,3
2021,2025-09-22,Onion Rings,3
2022,2025-09-22,Refrigerante,2
2023,2025-09-22,Sorvete,1
2024,2025-09-22,Água,1
2025,2025-09-22,Sorvete,1
2026,2025-09-22,Sorvete,3
2027,2025-09-22,Onion Rings,1
2028,2025-09-22,Refrigerante,3
2029,2025-09-22,Onion Rings,1
2030,2025-09-22,Refrigerante,4
2031,2025-09-22,Onion Rings,2
2032,2025-09-22,Onion Rings,2
2033,2025-09-22,Onion Rings,1
2034,2025-09-22,Batata Frita,2
2035,2025-09-23,Brownie,4
2036,2025-09-23,Onion Rings,3
2037,2025-09-23,Veggie Burger,4
2038,2025-09-23,Batata Frita,1
2039,2025-09-23,Onion Rings,1
2040,2025-09-23,Brownie,1
2041,2025-09-23,Batata Frita,4
2042,2025-09-23,Brownie,3
2043,2025-09-24,Batata Frita,1
2044,2025-09-24,Batata Frita,2
2045,2025-09-24,Cheeseburger,1
2046,2025-09-24,Refrigerante,1
2047,2025-09-24,Cheeseburger,2
2048,2025-09-24,Milkshake,1
2049,2025-09-24,Onion Rings,1
2050,2025-09-24,Brownie,2
2051,2025-09-24,Refrigerante,4
2052,2025-09-24,Batata Frita,3
2053,2025-09-24,Onion Rings,4
2054,2025-09-24,Batata Frita,1
2055,2025-09-24,Veggie Burger,3
2056,2025-09-24,Veggie Burger,4
2057,2025-09-24,Brownie,3
2058,2025-09-24,Milkshake,1
2059,2025-09-24,Batata Frita,3
2060,2025-09-25,Onion Rings,3
2061,2025-09-25,Milkshake,4
2062,2025-09-25,Milkshake,4
2063,2025-09-25,Veggie Burger,1
2064,2025-09-25,Brownie,3
2065,2025-09-25,Cheeseburger,1
2066,2025-09-25,Brownie,1
2067,2025-09-25,Sorvete,1
2068,2025-09-25,Cheeseburger,2
2069,2025-09-25,Onion Rings,2
2070,2025-09-25,Batata Frita,2
2071,2025-09-25,Veggie Burger,1
2072,2025-09-25,Bacon Burger,4
2073,2025-09-25,Refrigerante,2
2074,2025-09-25,Sorvete,4
2075,2025-09-25,Água,3
2076,2025-09-25,Água,2
2077,2025-09-26,Brownie,1
2078,2025-09-26,Sorvete,1
2079,2025-09-26,Onion Rings,1
2080,2025-09-26,Onion Rings,1
2081,2025-09-26,Refrigerante,1
2082,2025-09-26,Água,2
2083,2025-09-26,Veggie Burger,3
2084,2025-09-26,Bacon Burger,2
2085,2025-09-26,Cheeseburger,4
2086,2025-09-26,Água,2
2087,2025-09-27,Batata Frita,2
2088,2025-09-27,Batata Frita,1
2089,2025-09-27,Batata Frita,1
2090,2025-09-27,Cheeseburger,1
2091,2025-09-27,Cheeseburger,3
2092,2025-09-27,Refrigerante,1
2093,2025-09-27,Milkshake,4
2094,2025-09-27,Milkshake,3
2095,2025-09-27,Milkshake,2
2096,2025-09-27,Batata Frita,3
2097,2025-09-27,Sorvete,1
2098,2025-09-27,Onion Rings,4
2099,2025-09-27,Cheeseburger,4
2100,2025-09-27,Refrigerante,3
2101,2025-09-27,Sorvete,2
2102,2025-09-27,Veggie Burger,1
2103,2025-09-28,Sorvete,1
2104,2025-09-28,Veggie Burger,2
2105,2025-09-28,Cheeseburger,4
2106,2025-09-28,Batata Frita,3
2107,2025-09-28,Onion Rings,4
2108,2025-09-28,Bacon Burger,4
2109,2025-09-28,Sorvete,1
2110,2025-09-28,Água,1
2111,2025-09-28,Sorvete,4
2112,2025-09-28,Brownie,2
2113,2025-09-28,Bacon Burger,1
2114,2025-09-28,Brownie,2
2115,2025-09-28,Batata Frita,3
2116,2025-09-28,Bacon Burger,4
2117,2025-09-28,Milkshake,3
2118,2025-09-28,Refrigerante,4
2119,2025-09-28,Brownie,2
2120,2025-09-28,Onion Rings,1
2121,2025-09-28,Batata Frita,4
2122,2025-09-28,Sorvete,3
2123,2025-09-29,Brownie,1
2124,2025-09-29,Refrigerante,1
2125,2025-09-29,Brownie,2
2126,2025-09-29,Cheeseburger,2
2127,2025-09-29,Água,1
2128,2025-09-29,Cheeseburger,1
2129,2025-09-29,Água,2
2130,2025-09-29,Sorvete,4
2131,2025-09-29,Sorvete,4
2132,2025-09-29,Milkshake,2
2133,2025-09-29,Cheeseburger,4
2134,2025-09-29,Cheeseburger,1
2135,2025-09-30,Onion Rings,2
2136,2025-09-30,Batata Frita,2
2137,2025-09-30,Água,2
2138,2025-09-30,Brownie,4
2139,2025-09-30,Milkshake,2
2140,2025-09-30,Sorvete,1
2141,2025-09-30,Bacon Burger,1
2142,2025-09-30,Onion Rings,3
2143,2025-09-30,Sorvete,1
2144,2025-09-30,Brownie,3
2145,2025-09-30,Sorvete,1
2146,2025-09-30,Bacon Burger,4
2147,2025-09-30,Onion Rings,2
2148,2025-09-30,Onion Rings,1
2149,2025-10-01,Batata Frita,2
2150,2025-10-01,Milkshake,4
2151,2025-10-01,Milkshake,4
2152,2025-10-01,Bacon Burger,4
2153,2025-10-01,Água,1
2154,2025-10-01,Onion Rings,3
2155,2025-10-01,Bacon Burger,1
2156,2025-10-01,Bacon Burger,1
2157,2025-10-01,Milkshake,1
2158,2025-10-01,Bacon Burger,2
2159,2025-10-01,Sorvete,4
2160,2025-10-01,Bacon Burger,3
2161,2025-10-01,Veggie Burger,3
2162,2025-10-01,Cheeseburger,4
2163,2025-10-01,Onion Rings,3
2164,2025-10-01,Veggie Burger,2
2165,2025-10-01,Onion Rings,3
2166,2025-10-01,Veggie Burger,4
2167,2025-10-01,Milkshake,4
2168,2025-10-02,Bacon Burger,2
2169,2025-10-02,Bacon Burger,1
2170,2025-10-02,Brownie,4
2171,2025-10-02,Veggie Burger,4
2172,2025-10-02,Milkshake,4
2173,2025-10-02,Cheeseburger,2
2174,2025-10-02,Sorvete,1
2175,2025-10-02,Veggie Burger,4
2176,2025-10-02,Brownie,3
2177,2025-10-02,Onion Rings,3
2178,2025-10-02,Veggie Burger,2
2179,2025-10-03,Veggie Burger,2
2180,2025-10-03,Batata Frita,3
2181,2025-10-03,Cheeseburger,1
2182,2025-10-03,Onion Rings,4
2183,2025-10-03,Cheeseburger,3
2184,2025-10-03,Refrigerante,2
2185,2025-10-03,Cheeseburger,4
2186,2025-10-03,Refrigerante,1
2187,2025-10-03,Bacon Burger,4
2188,2025-10-03,Brownie,1
2189,2025-10-03,Cheeseburger,3
2190,2025-10-03,Batata Frita,3
2191,2025-10-03,Onion Rings,3
2192,2025-10-03,Sorvete,1
2193,2025-10-03,Bacon Burger,4
2194,2025-10-03,Refrigerante,1
2195,2025-10-03,Bacon Burger,4
2196,2025-10-03,Bacon Burger,1
2197,2025-10-03,Batata Frita,1
2198,2025-10-03,Bacon Burger,3
2199,2025-10-04,Água,3
2200,2025-10-04,Onion Rings,3
2201,2025-10-04,Bacon Burger,1
2202,2025-10-04,Brownie,1
2203,2025-10-04,Sorvete,1
2204,2025-10-04,Sorvete,3
2205,2025-10-04,Água,2
2206,2025-10-04,Bacon Burger,2
2207,2025-10-04,Sorvete,4
2208,2025-10-04,Milkshake,1
2209,2025-10-04,Bacon Burger,2
2210,2025-10-04,Veggie Burger,2
2211,2025-10-04,Sorvete,4
2212,2025-10-04,Veggie Burger,4
2213,2025-10-04,Onion Rings,2
2214,2025-10-04,Água,3
2215,2025-10-05,Veggie Burger,1
2216,2025-10-05,Refrigerante,3
2217,2025-10-05,Sorvete,4
2218,2025-10-05,Batata Frita,4
2219,2025-10-05,Água,4
2220,2025-10-05,Brownie,2
2221,2025-10-05,Água,1
2222,2025-10-05,Brownie,2
2223,2025-10-05,Água,3
2224,2025-10-05,Sorvete,4
2225,2025-10-05,Bacon Burger,3
2226,2025-10-05,Brownie,1
2227,2025-10-05,Brownie,1
2228,2025-10-05,Água,3
2229,2025-10-05,Cheeseburger,2
2230,2025-10-05,Onion Rings,4
2231,2025-10-06,Bacon Burger,3
2232,2025-10-06,Bacon Burger,3
2233,2025-10-06,Milkshake,4
2234,2025-10-06,Brownie,1
2235,2025-10-06,Veggie Burger,4
2236,2025-10-06,Refrigerante,4
2237,2025-10-06,Bacon Burger,2
2238,2025-10-06,Veggie Burger,2
2239,2025-10-06,Onion Rings,4
2240,2025-10-06,Onion Rings,2
2241,2025-10-06,Refrigerante,3
2242,2025-10-06,Refrigerante,4
2243,2025-10-06,Sorvete,2
2244,2025-10-06,Sorvete,2
2245,2025-10-07,Sorvete,1
2246,2025-10-07,Veggie Burger,2
2247,2025-10-07,Onion Rings,3
2248,2025-10-07,Refrigerante,2
2249,2025-10-07,Milkshake,1
2250,2025-10-07,Cheeseburger,4
2251,2025-10-07,Onion Rings,1
2252,2025-10-07,Milkshake,4
2253,2025-10-07,Bacon Burger,4
2254,2025-10-07,Batata Frita,2
2255,2025-10-07,Batata Frita,2
2256,2025-10-07,Milkshake,1
2257,2025-10-07,Bacon Burger,1
2258,2025-10-07,Batata Frita,4
2259,2025-10-08,Onion Rings,4
2260,2025-10-08,Veggie Burger,2
2261,2025-10-08,Brownie,2
2262,2025-10-08,Onion Rings,1
2263,2025-10-08,Batata Frita,1
2264,2025-10-08,Onion Rings,2
2265,2025-10-08,Onion Rings,1
2266,2025-10-08,Onion Rings,1
2267,2025-10-08,Água,4
2268,2025-10-08,Sorvete,2
2269,2025-10-08,Milkshake,2
2270,2025-10-08,Batata Frita,3
2271,2025-10-08,Bacon Burger,2
2272,2025-10-08,Brownie,3
2273,2025-10-08,Cheeseburger,4
2274,2025-10-08,Veggie Burger,3
2275,2025-10-09,Sorvete,1
2276,2025-10-09,Milkshake,1
2277,2025-10-09,Água,2
2278,2025-10-09,Cheeseburger,3
2279,2025-10-09,Água,3
2280,2025-10-09,Água,1
2281,2025-10-09,Brownie,2
2282,2025-10-09,Brownie,4
2283,2025-10-09,Refrigerante,1
2284,2025-10-09,Água,2
2285,2025-10-09,Bacon Burger,4
2286,2025-10-09,Bacon Burger,3
2287,2025-10-09,Bacon Burger,3
2288,2025-10-09,Bacon Burger,1
2289,2025-10-09,Cheeseburger,3
2290,2025-10-09,Onion Rings,3
2291,2025-10-09,Refrigerante,3
2292,2025-10-09,Cheeseburger,2
2293,2025-10-10,Batata Frita,4
2294,2025-10-10,Onion Rings,3
2295,2025-10-10,Cheeseburger,3
2296,2025-10-10,Água,4
2297,2025-10-10,Cheeseburger,2
2298,2025-10-10,Milkshake,4
2299,2025-10-10,Veggie Burger,2
2300,2025-10-10,Onion Rings,4
2301,2025-10-10,Cheeseburger,3
2302,2025-10-10,Refrigerante,3
2303,2025-10-10,Refrigerante,4
2304,2025-10-10,Sorvete,2
2305,2025-10-10,Refrigerante,1
2306,2025-10-11,Cheeseburger,4
2307,2025-10-11,Refrigerante,4
2308,2025-10-11,Bacon Burger,4
2309,2025-10-11,Cheeseburger,3
2310,2025-10-11,Bacon Burger,4
2311,2025-10-11,Sorvete,1
2312,2025-10-11,Sorvete,3
2313,2025-10-11,Bacon Burger,1
2314,2025-10-11,Bacon Burger,2
2315,2025-10-11,Sorvete,4
2316,2025-10-11,Água,2
2317,2025-10-11,Água,4
2318,2025-10-11,Onion Rings,2
2319,2025-10-11,Batata Frita,1
2320,2025-10-12,Brownie,2
2321,2025-10-12,Veggie Burger,2
2322,2025-10-12,Refrigerante,2
2323,2025-10-12,Brownie,4
2324,2025-10-12,Batata Frita,3
2325,2025-10-12,Bacon Burger,1
2326,2025-10-12,Cheeseburger,1
2327,2025-10-12,Batata Frita,4
2328,2025-10-12,Onion Rings,1
2329,2025-10-12,Refrigerante,2
2330,2025-10-12,Bacon Burger,2
2331,2025-10-12,Onion Rings,2
2332,2025-10-12,Veggie Burger,3
2333,2025-10-12,Batata Frita,1
2334,2025-10-12,Água,2
2335,2025-10-12,Refrigerante,4
2336,2025-10-12,Onion Rings,2
2337,2025-10-12,Batata Frita,2
2338,2025-10-13,Milkshake,1
2339,2025-10-13,Brownie,2
2340,2025-10-13,Milkshake,3
2341,2025-10-13,Brownie,1
2342,2025-10-13,Onion Rings,1
2343,2025-10-13,Milkshake,2
2344,2025-10-13,Sorvete,3
2345,2025-10-13,Água,4
2346,2025-10-13,Onion Rings,3
2347,2025-10-13,Bacon Burger,2
2348,2025-10-13,Onion Rings,4
2349,2025-10-13,Sorvete,1
2350,2025-10-14,Milkshake,4
2351,2025-10-14,Onion Rings,3
2352,2025-10-14,Milkshake,4
2353,2025-10-14,Batata Frita,4
2354,2025-10-14,Refrigerante,3
2355,2025-10-14,Refrigerante,2
2356,2025-10-14,Refrigerante,4
2357,2025-10-14,Brownie,4
2358,2025-10-15,Brownie,4
2359,2025-10-15,Onion Rings,2
2360,2025-10-15,Onion Rings,3
2361,2025-10-15,Cheeseburger,4
2362,2025-10-15,Veggie Burger,1
2363,2025-10-15,Onion Rings,3
2364,2025-10-15,Batata Frita,4
2365,2025-10-15,Sorvete,3
2366,2025-10-15,Bacon Burger,3
2367,2025-10-15,Bacon Burger,1
2368,2025-10-15,Batata Frita,4
2369,2025-10-15,Onion Rings,3
2370,2025-10-15,Água,1
2371,2025-10-15,Água,4
2372,2025-10-15,Refrigerante,4
2373,2025-10-15,Cheeseburger,3
2374,2025-10-15,Cheeseburger,2
2375,2025-10-16,Cheeseburger,4
2376,2025-10-16,Onion Rings,4
2377,2025-10-16,Batata Frita,3
2378,2025-10-16,Refrigerante,1
2379,2025-10-16,Sorvete,1
2380,2025-10-16,Onion Rings,2
2381,2025-10-16,Batata Frita,3
2382,2025-10-16,Sorvete,3
2383,2025-10-16,Veggie Burger,4
2384,2025-10-16,Onion Rings,1
2385,2025-10-16,Onion Rings,3
2386,2025-10-16,Veggie Burger,2
2387,2025-10-16,Onion Rings,1
2388,2025-10-16,Milkshake,4
2389,2025-10-16,Refrigerante,2
2390,2025-10-16,Bacon Burger,2
2391,2025-10-16,Brownie,4
2392,2025-10-16,Veggie Burger,4
2393,2025-10-16,Onion Rings,3
2394,2025-10-16,Veggie Burger,3
2395,2025-10-17,Brownie,3
2396,2025-10-17,Bacon Burger,4
2397,2025-10-17,Milkshake,1
2398,2025-10-17,Sorvete,2
2399,2025-10-17,Sorvete,4
2400,2025-10-17,Sorvete,4
2401,2025-10-17,Veggie Burger,1
2402,2025-10-17,Milkshake,1
2403,2025-10-17,Refrigerante,2
2404,2025-10-17,Refrigerante,3
2405,2025-10-17,Onion Rings,2
2406,2025-10-17,Batata Frita,2
2407,2025-10-17,Veggie Burger,4
2408,2025-10-17,Bacon Burger,4
2409,2025-10-17,Sorvete,3
2410,2025-10-17,Refrigerante,4
2411,2025-10-17,Água,4
2412,2025-10-17,Cheeseburger,3
2413,2025-10-17,Bacon Burger,3
2414,2025-10-17,Milkshake,3
2415,2025-10-18,Batata Frita,2
2416,2025-10-18,Água,4
2417,2025-10-18,Refrigerante,4
2418,2025-10-18,Bacon Burger,1
2419,2025-10-18,Veggie Burger,4
2420,2025-10-18,Onion Rings,2
2421,2025-10-18,Batata Frita,4
2422,2025-10-18,Batata Frita,3
2423,2025-10-19,Água,1
2424,2025-10-19,Veggie Burger,4
2425,2025-10-19,Água,2
2426,2025-10-19,Brownie,4
2427,2025-10-19,Brownie,4
2428,2025-10-19,Veggie Burger,4
2429,2025-10-19,Milkshake,1
2430,2025-10-19,Refrigerante,1
2431,2025-10-19,Sorvete,2
2432,2025-10-19,Refrigerante,4
2433,2025-10-19,Água,1
2434,2025-10-19,Milkshake,1
2435,2025-10-19,Sorvete,4
2436,2025-10-19,Batata Frita,3
2437,2025-10-19,Veggie Burger,1
2438,2025-10-19,Milkshake,4
2439,2025-10-19,Água,4
2440,2025-10-19,Brownie,4
2441,2025-10-19,Sorvete,2
2442,2025-10-20,Bacon Burger,3
2443,2025-10-20,Bacon Burger,3
2444,2025-10-20,Batata Frita,4
2445,2025-10-20,Bacon Burger,3
2446,2025-10-20,Refrigerante,1
2447,2025-10-20,Cheeseburger,1
2448,2025-10-20,Brownie,1
2449,2025-10-20,Veggie Burger,4
2450,2025-10-20,Milkshake,1
2451,2025-10-20,Cheeseburger,3
2452,2025-10-20,Sorvete,4
2453,2025-10-20,Milkshake,3
2454,2025-10-20,Onion Rings,1
2455,2025-10-20,Onion Rings,3
2456,2025-10-21,Brownie,2
2457,2025-10-21,Sorvete,4
2458,2025-10-21,Milkshake,3
2459,2025-10-21,Milkshake,3
2460,2025-10-21,Cheeseburger,1
2461,2025-10-21,Brownie,2
2462,2025-10-21,Cheeseburger,1
2463,2025-10-21,Bacon Burger,2
2464,2025-10-21,Água,3
2465,2025-10-21,Cheeseburger,1
2466,2025-10-21,Cheeseburger,4
2467,2025-10-21,Brownie,1
